Trial,Judgment
t1_a3b1c3_(0 0 0)_0,0.00333333
t1_a3b1c3_(0 0 0)_0,0.0
t1_a3b1c3_(0 0 0)_0,0.51
t1_a3b1c3_(0 0 0)_0,0.142267
t1_a3b1c3_(0 0 0)_0,0.0
t1_a3b1c3_(0 0 0)_0,0.0
t1_a3b1c3_(0 0 0)_0,0.0733333
t1_a3b1c3_(0 0 0)_0,0.02
t1_a3b1c3_(0 0 0)_0,0.0688889
t1_a3b1c3_(0 0 0)_0,0.11
t1_a3b1c3_(0 0 0)_0,0.113333
t1_a3b1c3_(0 0 0)_0,0.0666667
t1_a3b1c3_(0 0 0)_0,0.143333
t1_a3b1c3_(0 0 0)_0,0.835
t1_a3b1c3_(0 0 0)_0,0.183333
t1_a3b1c3_(0 0 0)_0,0.0
t1_a3b1c3_(0 0 0)_0,0.0883333
t1_a3b1c3_(0 0 0)_0,0.0
t1_a3b1c3_(0 0 0)_0,0.4
t1_a3b1c3_(0 0 0)_1,0.993333
t1_a3b1c3_(0 0 0)_1,1.0
t1_a3b1c3_(0 0 0)_1,1.0
t1_a3b1c3_(0 0 0)_1,0.838933
t1_a3b1c3_(0 0 0)_1,1.0
t1_a3b1c3_(0 0 0)_1,0.996667
t1_a3b1c3_(0 0 0)_1,0.863333
t1_a3b1c3_(0 0 0)_1,0.983333
t1_a3b1c3_(0 0 0)_1,1.0
t1_a3b1c3_(0 0 0)_1,0.89
t1_a3b1c3_(0 0 0)_1,0.796667
t1_a3b1c3_(0 0 0)_1,0.916667
t1_a3b1c3_(0 0 0)_1,0.84
t1_a3b1c3_(0 0 0)_1,0.658333
t1_a3b1c3_(0 0 0)_1,0.813333
t1_a3b1c3_(0 0 0)_1,1.0
t1_a3b1c3_(0 0 0)_1,0.977222
t1_a3b1c3_(0 0 0)_1,1.0
t1_a3b1c3_(0 0 0)_1,0.653333
t1_a3b1c3_(0 0 0)_2,0.0166667
t1_a3b1c3_(0 0 0)_2,0.0
t1_a3b1c3_(0 0 0)_2,0.503333
t1_a3b1c3_(0 0 0)_2,0.1756
t1_a3b1c3_(0 0 0)_2,0.0
t1_a3b1c3_(0 0 0)_2,0.0133333
t1_a3b1c3_(0 0 0)_2,0.07
t1_a3b1c3_(0 0 0)_2,0.0166667
t1_a3b1c3_(0 0 0)_2,0.088889
t1_a3b1c3_(0 0 0)_2,0.0466667
t1_a3b1c3_(0 0 0)_2,0.19
t1_a3b1c3_(0 0 0)_2,0.0933333
t1_a3b1c3_(0 0 0)_2,0.28
t1_a3b1c3_(0 0 0)_2,0.285
t1_a3b1c3_(0 0 0)_2,0.206667
t1_a3b1c3_(0 0 0)_2,0.0
t1_a3b1c3_(0 0 0)_2,0.0894444
t1_a3b1c3_(0 0 0)_2,0.0
t1_a3b1c3_(0 0 0)_2,0.43
t2_a2b2c1_(1 1 0)_0,0.08
t2_a2b2c1_(1 1 0)_0,0.7
t2_a2b2c1_(1 1 0)_0,0.523333
t2_a2b2c1_(1 1 0)_0,0.486667
t2_a2b2c1_(1 1 0)_0,0.673333
t2_a2b2c1_(1 1 0)_0,0.297033
t2_a2b2c1_(1 1 0)_0,0.626667
t2_a2b2c1_(1 1 0)_0,0.166667
t2_a2b2c1_(1 1 0)_0,0.281667
t2_a2b2c1_(1 1 0)_0,0.236667
t2_a2b2c1_(1 1 0)_0,0.72
t2_a2b2c1_(1 1 0)_0,0.8056
t2_a2b2c1_(1 1 0)_0,0.296667
t2_a2b2c1_(1 1 0)_0,0.723333
t2_a2b2c1_(1 1 0)_0,0.622111
t2_a2b2c1_(1 1 0)_0,0.36
t2_a2b2c1_(1 1 0)_0,0.0
t2_a2b2c1_(1 1 0)_1,0.09
t2_a2b2c1_(1 1 0)_1,0.66
t2_a2b2c1_(1 1 0)_1,0.55
t2_a2b2c1_(1 1 0)_1,0.496667
t2_a2b2c1_(1 1 0)_1,0.64
t2_a2b2c1_(1 1 0)_1,0.487033
t2_a2b2c1_(1 1 0)_1,0.71
t2_a2b2c1_(1 1 0)_1,0.166667
t2_a2b2c1_(1 1 0)_1,0.285
t2_a2b2c1_(1 1 0)_1,0.26
t2_a2b2c1_(1 1 0)_1,0.73
t2_a2b2c1_(1 1 0)_1,0.732267
t2_a2b2c1_(1 1 0)_1,0.436667
t2_a2b2c1_(1 1 0)_1,0.796667
t2_a2b2c1_(1 1 0)_1,0.625444
t2_a2b2c1_(1 1 0)_1,0.273333
t2_a2b2c1_(1 1 0)_1,0.0
t2_a2b2c1_(1 1 0)_2,0.133333
t2_a2b2c1_(1 1 0)_2,0.03
t2_a2b2c1_(1 1 0)_2,0.0
t2_a2b2c1_(1 1 0)_2,0.0
t2_a2b2c1_(1 1 0)_2,0.0
t2_a2b2c1_(1 1 0)_2,0.0
t2_a2b2c1_(1 1 0)_2,0.0233333
t2_a2b2c1_(1 1 0)_2,0.13
t2_a2b2c1_(1 1 0)_2,0.0
t2_a2b2c1_(1 1 0)_2,0.196667
t2_a2b2c1_(1 1 0)_2,0.133333
t2_a2b2c1_(1 1 0)_2,0.238933
t2_a2b2c1_(1 1 0)_2,0.223333
t2_a2b2c1_(1 1 0)_2,0.116667
t2_a2b2c1_(1 1 0)_2,0.312111
t2_a2b2c1_(1 1 0)_2,0.696667
t2_a2b2c1_(1 1 0)_2,0.0127777
t3_a3b3c1_(1 1 0)_0,0.24
t3_a3b3c1_(1 1 0)_0,0.0
t3_a3b3c1_(1 1 0)_0,0.0956
t3_a3b3c1_(1 1 0)_0,0.526667
t3_a3b3c1_(1 1 0)_0,0.706667
t3_a3b3c1_(1 1 0)_0,0.113889
t3_a3b3c1_(1 1 0)_0,0.315
t3_a3b3c1_(1 1 0)_0,0.86
t3_a3b3c1_(1 1 0)_0,0.728933
t3_a3b3c1_(1 1 0)_0,0.392222
t3_a3b3c1_(1 1 0)_0,0.545
t3_a3b3c1_(1 1 0)_0,0.233333
t3_a3b3c1_(1 1 0)_0,0.496667
t3_a3b3c1_(1 1 0)_0,0.72
t3_a3b3c1_(1 1 0)_0,0.0233333
t3_a3b3c1_(1 1 0)_0,0.736667
t3_a3b3c1_(1 1 0)_0,0.505
t3_a3b3c1_(1 1 0)_0,0.0
t3_a3b3c1_(1 1 0)_0,0.763333
t3_a3b3c1_(1 1 0)_1,0.21
t3_a3b3c1_(1 1 0)_1,0.0
t3_a3b3c1_(1 1 0)_1,0.832267
t3_a3b3c1_(1 1 0)_1,0.546667
t3_a3b3c1_(1 1 0)_1,0.696667
t3_a3b3c1_(1 1 0)_1,0.863889
t3_a3b3c1_(1 1 0)_1,0.298333
t3_a3b3c1_(1 1 0)_1,0.886667
t3_a3b3c1_(1 1 0)_1,0.7256
t3_a3b3c1_(1 1 0)_1,0.385556
t3_a3b3c1_(1 1 0)_1,0.541667
t3_a3b3c1_(1 1 0)_1,0.256667
t3_a3b3c1_(1 1 0)_1,0.0
t3_a3b3c1_(1 1 0)_1,0.733333
t3_a3b3c1_(1 1 0)_1,0.01
t3_a3b3c1_(1 1 0)_1,0.726667
t3_a3b3c1_(1 1 0)_1,0.488333
t3_a3b3c1_(1 1 0)_1,1.0
t3_a3b3c1_(1 1 0)_1,0.696667
t3_a3b3c1_(1 1 0)_2,0.0
t3_a3b3c1_(1 1 0)_2,0.0
t3_a3b3c1_(1 1 0)_2,0.832267
t3_a3b3c1_(1 1 0)_2,0.0
t3_a3b3c1_(1 1 0)_2,0.15
t3_a3b3c1_(1 1 0)_2,0.147222
t3_a3b3c1_(1 1 0)_2,0.0
t3_a3b3c1_(1 1 0)_2,0.51
t3_a3b3c1_(1 1 0)_2,0.232267
t3_a3b3c1_(1 1 0)_2,0.142222
t3_a3b3c1_(1 1 0)_2,0.035
t3_a3b3c1_(1 1 0)_2,0.196667
t3_a3b3c1_(1 1 0)_2,0.0
t3_a3b3c1_(1 1 0)_2,0.106667
t3_a3b3c1_(1 1 0)_2,0.0333333
t3_a3b3c1_(1 1 0)_2,0.0833333
t3_a3b3c1_(1 1 0)_2,0.025
t3_a3b3c1_(1 1 0)_2,0.989444
t3_a3b3c1_(1 1 0)_2,0.213333
t3_a2b2c3_(0 0 0)_0,0.205
t3_a2b2c3_(0 0 0)_0,0.516667
t3_a2b2c3_(0 0 0)_0,0.0
t3_a2b2c3_(0 0 0)_0,0.0
t3_a2b2c3_(0 0 0)_0,0.146667
t3_a2b2c3_(0 0 0)_0,0.0872222
t3_a2b2c3_(0 0 0)_0,0.21
t3_a2b2c3_(0 0 0)_0,0.886667
t3_a2b2c3_(0 0 0)_0,0.0
t3_a2b2c3_(0 0 0)_0,0.0933333
t3_a2b2c3_(0 0 0)_0,0.108889
t3_a2b2c3_(0 0 0)_0,0.1
t3_a2b2c3_(0 0 0)_0,0.593333
t3_a2b2c3_(0 0 0)_0,0.368778
t3_a2b2c3_(0 0 0)_0,0.62
t3_a2b2c3_(0 0 0)_0,0.0
t3_a2b2c3_(0 0 0)_0,0.0316667
t3_a2b2c3_(0 0 0)_0,0.42
t3_a2b2c3_(0 0 0)_1,0.115
t3_a2b2c3_(0 0 0)_1,0.533333
t3_a2b2c3_(0 0 0)_1,0.0
t3_a2b2c3_(0 0 0)_1,0.0
t3_a2b2c3_(0 0 0)_1,0.176667
t3_a2b2c3_(0 0 0)_1,0.0505556
t3_a2b2c3_(0 0 0)_1,0.206667
t3_a2b2c3_(0 0 0)_1,0.953333
t3_a2b2c3_(0 0 0)_1,0.0
t3_a2b2c3_(0 0 0)_1,0.0633333
t3_a2b2c3_(0 0 0)_1,0.108889
t3_a2b2c3_(0 0 0)_1,0.113333
t3_a2b2c3_(0 0 0)_1,0.606667
t3_a2b2c3_(0 0 0)_1,0.322111
t3_a2b2c3_(0 0 0)_1,0.566667
t3_a2b2c3_(0 0 0)_1,0.0
t3_a2b2c3_(0 0 0)_1,0.0216667
t3_a2b2c3_(0 0 0)_1,0.316667
t3_a2b2c3_(0 0 0)_2,0.898333
t3_a2b2c3_(0 0 0)_2,0.7
t3_a2b2c3_(0 0 0)_2,1.0
t3_a2b2c3_(0 0 0)_2,1.0
t3_a2b2c3_(0 0 0)_2,0.903333
t3_a2b2c3_(0 0 0)_2,0.900556
t3_a2b2c3_(0 0 0)_2,0.73
t3_a2b2c3_(0 0 0)_2,0.926667
t3_a2b2c3_(0 0 0)_2,1.0
t3_a2b2c3_(0 0 0)_2,0.986667
t3_a2b2c3_(0 0 0)_2,1.0
t3_a2b2c3_(0 0 0)_2,0.94
t3_a2b2c3_(0 0 0)_2,0.0666667
t3_a2b2c3_(0 0 0)_2,0.852111
t3_a2b2c3_(0 0 0)_2,0.966667
t3_a2b2c3_(0 0 0)_2,1.0
t3_a2b2c3_(0 0 0)_2,0.971667
t3_a2b2c3_(0 0 0)_2,0.763333
t3_a1b3c3_(0 0 0)_0,0.198333
t3_a1b3c3_(0 0 0)_0,0.0
t3_a1b3c3_(0 0 0)_0,0.0
t3_a1b3c3_(0 0 0)_0,0.0372222
t3_a1b3c3_(0 0 0)_0,0.906667
t3_a1b3c3_(0 0 0)_0,0.1
t3_a1b3c3_(0 0 0)_0,0.343333
t3_a1b3c3_(0 0 0)_0,0.0538889
t3_a1b3c3_(0 0 0)_0,0.263333
t3_a1b3c3_(0 0 0)_0,0.0866667
t3_a1b3c3_(0 0 0)_0,0.373333
t3_a1b3c3_(0 0 0)_0,0.365
t3_a1b3c3_(0 0 0)_0,0.375444
t3_a1b3c3_(0 0 0)_0,0.0
t3_a1b3c3_(0 0 0)_0,0.0283333
t3_a1b3c3_(0 0 0)_0,0.0
t3_a1b3c3_(0 0 0)_0,0.03
t3_a1b3c3_(0 0 0)_0,0.0405556
t3_a1b3c3_(0 0 0)_1,0.921667
t3_a1b3c3_(0 0 0)_1,1.0
t3_a1b3c3_(0 0 0)_1,1.0
t3_a1b3c3_(0 0 0)_1,0.900556
t3_a1b3c3_(0 0 0)_1,0.496667
t3_a1b3c3_(0 0 0)_1,0.916667
t3_a1b3c3_(0 0 0)_1,0.903333
t3_a1b3c3_(0 0 0)_1,0.973889
t3_a1b3c3_(0 0 0)_1,0.71
t3_a1b3c3_(0 0 0)_1,0.72
t3_a1b3c3_(0 0 0)_1,0.35
t3_a1b3c3_(0 0 0)_1,0.571667
t3_a1b3c3_(0 0 0)_1,0.818778
t3_a1b3c3_(0 0 0)_1,0.771279
t3_a1b3c3_(0 0 0)_1,0.821667
t3_a1b3c3_(0 0 0)_1,1.0
t3_a1b3c3_(0 0 0)_1,0.91
t3_a1b3c3_(0 0 0)_1,0.867222
t3_a1b3c3_(0 0 0)_2,0.781667
t3_a1b3c3_(0 0 0)_2,1.0
t3_a1b3c3_(0 0 0)_2,1.0
t3_a1b3c3_(0 0 0)_2,0.917222
t3_a1b3c3_(0 0 0)_2,0.876667
t3_a1b3c3_(0 0 0)_2,1.0
t3_a1b3c3_(0 0 0)_2,0.76
t3_a1b3c3_(0 0 0)_2,0.920556
t3_a1b3c3_(0 0 0)_2,0.696667
t3_a1b3c3_(0 0 0)_2,0.726667
t3_a1b3c3_(0 0 0)_2,0.0733333
t3_a1b3c3_(0 0 0)_2,0.721667
t3_a1b3c3_(0 0 0)_2,0.795444
t3_a1b3c3_(0 0 0)_2,0.709763
t3_a1b3c3_(0 0 0)_2,0.828333
t3_a1b3c3_(0 0 0)_2,0.992778
t3_a1b3c3_(0 0 0)_2,0.97
t3_a1b3c3_(0 0 0)_2,0.863889
t3_a2b1c3_(0 0 0)_0,0.315
t3_a2b1c3_(0 0 0)_0,0.0
t3_a2b1c3_(0 0 0)_0,0.0
t3_a2b1c3_(0 0 0)_0,0.0
t3_a2b1c3_(0 0 0)_0,0.121667
t3_a2b1c3_(0 0 0)_0,0.0938889
t3_a2b1c3_(0 0 0)_0,1.0
t3_a2b1c3_(0 0 0)_0,0.48
t3_a2b1c3_(0 0 0)_0,0.0
t3_a2b1c3_(0 0 0)_0,0.52
t3_a2b1c3_(0 0 0)_0,0.486667
t3_a2b1c3_(0 0 0)_0,0.225556
t3_a2b1c3_(0 0 0)_0,0.138333
t3_a2b1c3_(0 0 0)_0,0.492267
t3_a2b1c3_(0 0 0)_0,0.253333
t3_a2b1c3_(0 0 0)_0,0.13
t3_a2b1c3_(0 0 0)_0,0.525444
t3_a2b1c3_(0 0 0)_0,0.663333
t3_a2b1c3_(0 0 0)_0,0.0405556
t3_a2b1c3_(0 0 0)_1,0.288333
t3_a2b1c3_(0 0 0)_1,0.0
t3_a2b1c3_(0 0 0)_1,0.0
t3_a2b1c3_(0 0 0)_1,0.0
t3_a2b1c3_(0 0 0)_1,0.145
t3_a2b1c3_(0 0 0)_1,0.063889
t3_a2b1c3_(0 0 0)_1,1.0
t3_a2b1c3_(0 0 0)_1,0.513333
t3_a2b1c3_(0 0 0)_1,0.06
t3_a2b1c3_(0 0 0)_1,0.51
t3_a2b1c3_(0 0 0)_1,0.53
t3_a2b1c3_(0 0 0)_1,0.242222
t3_a2b1c3_(0 0 0)_1,0.0483333
t3_a2b1c3_(0 0 0)_1,0.951567
t3_a2b1c3_(0 0 0)_1,0.263333
t3_a2b1c3_(0 0 0)_1,0.16
t3_a2b1c3_(0 0 0)_1,0.455444
t3_a2b1c3_(0 0 0)_1,0.633333
t3_a2b1c3_(0 0 0)_1,0.063889
t3_a2b1c3_(0 0 0)_2,0.938333
t3_a2b1c3_(0 0 0)_2,0.866667
t3_a2b1c3_(0 0 0)_2,1.0
t3_a2b1c3_(0 0 0)_2,0.8218
t3_a2b1c3_(0 0 0)_2,1.0
t3_a2b1c3_(0 0 0)_2,0.973889
t3_a2b1c3_(0 0 0)_2,1.0
t3_a2b1c3_(0 0 0)_2,0.89
t3_a2b1c3_(0 0 0)_2,1.0
t3_a2b1c3_(0 0 0)_2,0.516667
t3_a2b1c3_(0 0 0)_2,0.993333
t3_a2b1c3_(0 0 0)_2,0.905556
t3_a2b1c3_(0 0 0)_2,0.958333
t3_a2b1c3_(0 0 0)_2,0.1763
t3_a2b1c3_(0 0 0)_2,0.796667
t3_a2b1c3_(0 0 0)_2,0.853333
t3_a2b1c3_(0 0 0)_2,0.762111
t3_a2b1c3_(0 0 0)_2,0.993333
t3_a2b1c3_(0 0 0)_2,0.570556
t3_a2b1c3_(0 1 0)_0,0.733333
t3_a2b1c3_(0 1 0)_0,0.891667
t3_a2b1c3_(0 1 0)_0,1.0
t3_a2b1c3_(0 1 0)_0,0.42
t3_a2b1c3_(0 1 0)_0,0.0166667
t3_a2b1c3_(0 1 0)_0,0.0
t3_a2b1c3_(0 1 0)_0,0.0
t3_a2b1c3_(0 1 0)_0,0.62
t3_a2b1c3_(0 1 0)_0,0.127222
t3_a2b1c3_(0 1 0)_0,0.0116667
t3_a2b1c3_(0 1 0)_0,0.198933
t3_a2b1c3_(0 1 0)_0,0.675556
t3_a2b1c3_(0 1 0)_0,0.316667
t3_a2b1c3_(0 1 0)_0,0.913333
t3_a2b1c3_(0 1 0)_0,0.835
t3_a2b1c3_(0 1 0)_0,0.592188
t3_a2b1c3_(0 1 0)_0,0.00833333
t3_a2b1c3_(0 1 0)_0,0.376667
t3_a2b1c3_(0 1 0)_1,0.676667
t3_a2b1c3_(0 1 0)_1,0.181667
t3_a2b1c3_(0 1 0)_1,0.0
t3_a2b1c3_(0 1 0)_1,0.44
t3_a2b1c3_(0 1 0)_1,0.983333
t3_a2b1c3_(0 1 0)_1,1.0
t3_a2b1c3_(0 1 0)_1,0.0
t3_a2b1c3_(0 1 0)_1,0.11
t3_a2b1c3_(0 1 0)_1,0.877222
t3_a2b1c3_(0 1 0)_1,0.721667
t3_a2b1c3_(0 1 0)_1,0.2256
t3_a2b1c3_(0 1 0)_1,0.715556
t3_a2b1c3_(0 1 0)_1,0.173333
t3_a2b1c3_(0 1 0)_1,0.92
t3_a2b1c3_(0 1 0)_1,0.658333
t3_a2b1c3_(0 1 0)_1,0.0
t3_a2b1c3_(0 1 0)_1,0.721667
t3_a2b1c3_(0 1 0)_1,0.333333
t3_a2b1c3_(0 1 0)_2,0.743333
t3_a2b1c3_(0 1 0)_2,0.0716667
t3_a2b1c3_(0 1 0)_2,1.0
t3_a2b1c3_(0 1 0)_2,0.59
t3_a2b1c3_(0 1 0)_2,0.986667
t3_a2b1c3_(0 1 0)_2,1.0
t3_a2b1c3_(0 1 0)_2,1.0
t3_a2b1c3_(0 1 0)_2,0.813333
t3_a2b1c3_(0 1 0)_2,0.837222
t3_a2b1c3_(0 1 0)_2,1.0
t3_a2b1c3_(0 1 0)_2,0.838933
t3_a2b1c3_(0 1 0)_2,0.732222
t3_a2b1c3_(0 1 0)_2,0.803333
t3_a2b1c3_(0 1 0)_2,0.943333
t3_a2b1c3_(0 1 0)_2,0.285
t3_a2b1c3_(0 1 0)_2,0.729763
t3_a2b1c3_(0 1 0)_2,0.961667
t3_a2b1c3_(0 1 0)_2,0.753333
t3_a1b1c2_(0 0 0)_0,0.518333
t3_a1b1c2_(0 0 0)_0,0.21
t3_a1b1c2_(0 0 0)_0,0.633333
t3_a1b1c2_(0 0 0)_0,0.653333
t3_a1b1c2_(0 0 0)_0,0.0
t3_a1b1c2_(0 0 0)_0,0.506667
t3_a1b1c2_(0 0 0)_0,0.633333
t3_a1b1c2_(0 0 0)_0,0.596667
t3_a1b1c2_(0 0 0)_0,0.796667
t3_a1b1c2_(0 0 0)_0,0.893333
t3_a1b1c2_(0 0 0)_0,0.489157
t3_a1b1c2_(0 0 0)_0,0.73
t3_a1b1c2_(0 0 0)_0,0.796667
t3_a1b1c2_(0 0 0)_0,1.0
t3_a1b1c2_(0 0 0)_0,0.54
t3_a1b1c2_(0 0 0)_0,0.556667
t3_a1b1c2_(0 0 0)_0,0.618778
t3_a1b1c2_(0 0 0)_0,0.71
t3_a1b1c2_(0 0 0)_0,0.906667
t3_a1b1c2_(0 0 0)_1,0.538333
t3_a1b1c2_(0 0 0)_1,0.123333
t3_a1b1c2_(0 0 0)_1,0.586667
t3_a1b1c2_(0 0 0)_1,0.703333
t3_a1b1c2_(0 0 0)_1,0.0
t3_a1b1c2_(0 0 0)_1,0.496667
t3_a1b1c2_(0 0 0)_1,0.623333
t3_a1b1c2_(0 0 0)_1,0.593333
t3_a1b1c2_(0 0 0)_1,0.783333
t3_a1b1c2_(0 0 0)_1,0.88
t3_a1b1c2_(0 0 0)_1,0.494915
t3_a1b1c2_(0 0 0)_1,0.706667
t3_a1b1c2_(0 0 0)_1,0.91
t3_a1b1c2_(0 0 0)_1,1.0
t3_a1b1c2_(0 0 0)_1,0.536667
t3_a1b1c2_(0 0 0)_1,0.516667
t3_a1b1c2_(0 0 0)_1,0.568778
t3_a1b1c2_(0 0 0)_1,0.72
t3_a1b1c2_(0 0 0)_1,0.776667
t3_a1b1c2_(0 0 0)_2,0.545
t3_a1b1c2_(0 0 0)_2,0.25
t3_a1b1c2_(0 0 0)_2,0.97
t3_a1b1c2_(0 0 0)_2,0.68
t3_a1b1c2_(0 0 0)_2,1.0
t3_a1b1c2_(0 0 0)_2,1.0
t3_a1b1c2_(0 0 0)_2,0.83
t3_a1b1c2_(0 0 0)_2,0.576667
t3_a1b1c2_(0 0 0)_2,1.0
t3_a1b1c2_(0 0 0)_2,0.89
t3_a1b1c2_(0 0 0)_2,1.0
t3_a1b1c2_(0 0 0)_2,1.0
t3_a1b1c2_(0 0 0)_2,0.946667
t3_a1b1c2_(0 0 0)_2,1.0
t3_a1b1c2_(0 0 0)_2,0.87
t3_a1b1c2_(0 0 0)_2,0.926667
t3_a1b1c2_(0 0 0)_2,0.765444
t3_a1b1c2_(0 0 0)_2,0.493333
t3_a1b1c2_(0 0 0)_2,0.24
t3_a1b1c2_(0 1 0)_0,0.946667
t3_a1b1c2_(0 1 0)_0,0.243333
t3_a1b1c2_(0 1 0)_0,0.0
t3_a1b1c2_(0 1 0)_0,0.373333
t3_a1b1c2_(0 1 0)_0,0.203333
t3_a1b1c2_(0 1 0)_0,0.0
t3_a1b1c2_(0 1 0)_0,0.497222
t3_a1b1c2_(0 1 0)_0,0.0
t3_a1b1c2_(0 1 0)_0,0.22
t3_a1b1c2_(0 1 0)_0,0.495824
t3_a1b1c2_(0 1 0)_0,0.103333
t3_a1b1c2_(0 1 0)_0,0.77
t3_a1b1c2_(0 1 0)_0,0.0
t3_a1b1c2_(0 1 0)_0,0.52
t3_a1b1c2_(0 1 0)_0,0.406667
t3_a1b1c2_(0 1 0)_0,0.758333
t3_a1b1c2_(0 1 0)_0,0.586667
t3_a1b1c2_(0 1 0)_0,0.613333
t3_a1b1c2_(0 1 0)_1,0.103333
t3_a1b1c2_(0 1 0)_1,0.0
t3_a1b1c2_(0 1 0)_1,0.0
t3_a1b1c2_(0 1 0)_1,0.14
t3_a1b1c2_(0 1 0)_1,0.03
t3_a1b1c2_(0 1 0)_1,0.0
t3_a1b1c2_(0 1 0)_1,0.0205556
t3_a1b1c2_(0 1 0)_1,0.0
t3_a1b1c2_(0 1 0)_1,0.16
t3_a1b1c2_(0 1 0)_1,0.0
t3_a1b1c2_(0 1 0)_1,0.0633333
t3_a1b1c2_(0 1 0)_1,0.0
t3_a1b1c2_(0 1 0)_1,0.0
t3_a1b1c2_(0 1 0)_1,0.113333
t3_a1b1c2_(0 1 0)_1,0.0933333
t3_a1b1c2_(0 1 0)_1,0.741667
t3_a1b1c2_(0 1 0)_1,0.273333
t3_a1b1c2_(0 1 0)_1,0.586667
t3_a1b1c2_(0 1 0)_2,0.95
t3_a1b1c2_(0 1 0)_2,0.69
t3_a1b1c2_(0 1 0)_2,1.0
t3_a1b1c2_(0 1 0)_2,1.0
t3_a1b1c2_(0 1 0)_2,0.956667
t3_a1b1c2_(0 1 0)_2,1.0
t3_a1b1c2_(0 1 0)_2,0.517222
t3_a1b1c2_(0 1 0)_2,1.0
t3_a1b1c2_(0 1 0)_2,0.686667
t3_a1b1c2_(0 1 0)_2,0.976733
t3_a1b1c2_(0 1 0)_2,0.94
t3_a1b1c2_(0 1 0)_2,0.75
t3_a1b1c2_(0 1 0)_2,1.0
t3_a1b1c2_(0 1 0)_2,0.886667
t3_a1b1c2_(0 1 0)_2,0.893333
t3_a1b1c2_(0 1 0)_2,0.891667
t3_a1b1c2_(0 1 0)_2,1.0
t3_a1b1c2_(0 1 0)_2,0.59
t3_a3b3c3_(1 1 0)_0,0.47
t3_a3b3c3_(1 1 0)_0,0.443333
t3_a3b3c3_(1 1 0)_0,0.626667
t3_a3b3c3_(1 1 0)_0,0.4856
t3_a3b3c3_(1 1 0)_0,0.498333
t3_a3b3c3_(1 1 0)_0,0.55
t3_a3b3c3_(1 1 0)_0,0.38
t3_a3b3c3_(1 1 0)_0,0.456667
t3_a3b3c3_(1 1 0)_0,0.479157
t3_a3b3c3_(1 1 0)_0,0.0233333
t3_a3b3c3_(1 1 0)_0,0.558333
t3_a3b3c3_(1 1 0)_0,0.726667
t3_a3b3c3_(1 1 0)_0,0.601033
t3_a3b3c3_(1 1 0)_0,0.673333
t3_a3b3c3_(1 1 0)_0,0.09
t3_a3b3c3_(1 1 0)_0,0.553333
t3_a3b3c3_(1 1 0)_0,0.756667
t3_a3b3c3_(1 1 0)_0,0.0
t3_a3b3c3_(1 1 0)_0,0.0366667
t3_a3b3c3_(1 1 0)_0,0.638333
t3_a3b3c3_(1 1 0)_1,0.43
t3_a3b3c3_(1 1 0)_1,0.503333
t3_a3b3c3_(1 1 0)_1,0.673333
t3_a3b3c3_(1 1 0)_1,0.548933
t3_a3b3c3_(1 1 0)_1,0.488333
t3_a3b3c3_(1 1 0)_1,0.493333
t3_a3b3c3_(1 1 0)_1,0.39
t3_a3b3c3_(1 1 0)_1,0.73
t3_a3b3c3_(1 1 0)_1,0.488248
t3_a3b3c3_(1 1 0)_1,1.0
t3_a3b3c3_(1 1 0)_1,0.545
t3_a3b3c3_(1 1 0)_1,0.723333
t3_a3b3c3_(1 1 0)_1,0.6112
t3_a3b3c3_(1 1 0)_1,0.68
t3_a3b3c3_(1 1 0)_1,0.333333
t3_a3b3c3_(1 1 0)_1,0.563333
t3_a3b3c3_(1 1 0)_1,0.79
t3_a3b3c3_(1 1 0)_1,0.0
t3_a3b3c3_(1 1 0)_1,0.506667
t3_a3b3c3_(1 1 0)_1,0.588333
t3_a3b3c3_(1 1 0)_2,0.39
t3_a3b3c3_(1 1 0)_2,0.00333333
t3_a3b3c3_(1 1 0)_2,0.0
t3_a3b3c3_(1 1 0)_2,0.0
t3_a3b3c3_(1 1 0)_2,0.508333
t3_a3b3c3_(1 1 0)_2,0.0
t3_a3b3c3_(1 1 0)_2,0.0
t3_a3b3c3_(1 1 0)_2,0.333333
t3_a3b3c3_(1 1 0)_2,0.0
t3_a3b3c3_(1 1 0)_2,1.0
t3_a3b3c3_(1 1 0)_2,0.0
t3_a3b3c3_(1 1 0)_2,0.0966667
t3_a3b3c3_(1 1 0)_2,0.106133
t3_a3b3c3_(1 1 0)_2,0.683333
t3_a3b3c3_(1 1 0)_2,0.19
t3_a3b3c3_(1 1 0)_2,0.0233333
t3_a3b3c3_(1 1 0)_2,0.19
t3_a3b3c3_(1 1 0)_2,0.0394444
t3_a3b3c3_(1 1 0)_2,0.506667
t3_a3b3c3_(1 1 0)_2,0.0
t3_a3b2c2_(0 1 1)_0,1.0
t3_a3b2c2_(0 1 1)_0,1.0
t3_a3b2c2_(0 1 1)_0,1.0
t3_a3b2c2_(0 1 1)_0,1.0
t3_a3b2c2_(0 1 1)_0,1.0
t3_a3b2c2_(0 1 1)_0,0.718933
t3_a3b2c2_(0 1 1)_0,0.833333
t3_a3b2c2_(0 1 1)_0,0.793889
t3_a3b2c2_(0 1 1)_0,1.0
t3_a3b2c2_(0 1 1)_0,0.963889
t3_a3b2c2_(0 1 1)_0,1.0
t3_a3b2c2_(0 1 1)_0,0.853333
t3_a3b2c2_(0 1 1)_0,0.976667
t3_a3b2c2_(0 1 1)_0,0.741667
t3_a3b2c2_(0 1 1)_0,0.74
t3_a3b2c2_(0 1 1)_0,0.693889
t3_a3b2c2_(0 1 1)_0,0.828333
t3_a3b2c2_(0 1 1)_0,0.0166667
t3_a3b2c2_(0 1 1)_0,0.573333
t3_a3b2c2_(0 1 1)_1,0.443333
t3_a3b2c2_(0 1 1)_1,0.0
t3_a3b2c2_(0 1 1)_1,1.0
t3_a3b2c2_(0 1 1)_1,1.0
t3_a3b2c2_(0 1 1)_1,1.0
t3_a3b2c2_(0 1 1)_1,0.698933
t3_a3b2c2_(0 1 1)_1,0.04
t3_a3b2c2_(0 1 1)_1,0.500556
t3_a3b2c2_(0 1 1)_1,0.866667
t3_a3b2c2_(0 1 1)_1,0.987222
t3_a3b2c2_(0 1 1)_1,0.793333
t3_a3b2c2_(0 1 1)_1,0.573333
t3_a3b2c2_(0 1 1)_1,0.753333
t3_a3b2c2_(0 1 1)_1,0.328333
t3_a3b2c2_(0 1 1)_1,0.77
t3_a3b2c2_(0 1 1)_1,0.200556
t3_a3b2c2_(0 1 1)_1,0.428333
t3_a3b2c2_(0 1 1)_1,0.966667
t3_a3b2c2_(0 1 1)_1,0.376667
t3_a3b2c2_(0 1 1)_2,0.476667
t3_a3b2c2_(0 1 1)_2,0.0
t3_a3b2c2_(0 1 1)_2,1.0
t3_a3b2c2_(0 1 1)_2,1.0
t3_a3b2c2_(0 1 1)_2,1.0
t3_a3b2c2_(0 1 1)_2,0.718933
t3_a3b2c2_(0 1 1)_2,0.0
t3_a3b2c2_(0 1 1)_2,0.490556
t3_a3b2c2_(0 1 1)_2,0.87
t3_a3b2c2_(0 1 1)_2,0.973889
t3_a3b2c2_(0 1 1)_2,0.823333
t3_a3b2c2_(0 1 1)_2,0.56
t3_a3b2c2_(0 1 1)_2,0.84
t3_a3b2c2_(0 1 1)_2,0.335
t3_a3b2c2_(0 1 1)_2,0.763333
t3_a3b2c2_(0 1 1)_2,0.240556
t3_a3b2c2_(0 1 1)_2,0.408333
t3_a3b2c2_(0 1 1)_2,0.966667
t3_a3b2c2_(0 1 1)_2,0.41
