,trees,strength_a,strength_b,strength_c,action_a,action_b,action_c,reward,blame_a_rationality,blame_b_rationality,blame_c_rationality,rationality_beta,k,blame_a_pivotality,blame_b_pivotality,blame_c_pivotality
0,1,1,1,1,1,1,1,0.0,0.5623128899174832,0.5623128899174832,0.5623128899174832,1.5,3,0.5,0.5,0.5
1,1,1,1,1,1,1,0,1.0,0.5623128899174832,0.5623128899174832,0.4376871100825169,1.5,3,1.0,1.0,0.3333333333333333
2,1,1,1,1,1,0,1,1.0,0.5623128899174832,0.4376871100825169,0.5623128899174832,1.5,3,1.0,0.3333333333333333,1.0
3,1,1,1,1,1,0,0,2.0,0.5623128899174832,0.4376871100825169,0.4376871100825169,1.5,3,0.5,0.5,0.5
4,1,1,1,1,0,1,1,1.0,0.4376871100825169,0.5623128899174832,0.5623128899174832,1.5,3,0.3333333333333333,1.0,1.0
5,1,1,1,1,0,1,0,2.0,0.4376871100825169,0.5623128899174832,0.4376871100825169,1.5,3,0.5,0.5,0.5
6,1,1,1,1,0,0,1,2.0,0.4376871100825169,0.4376871100825169,0.5623128899174832,1.5,3,0.5,0.5,0.5
7,1,1,1,1,0,0,0,0.0,0.4376871100825169,0.4376871100825169,0.4376871100825169,1.5,3,1.0,1.0,1.0
8,1,1,1,2,1,1,1,0.0,0.3322944575771982,0.3322944575771982,0.9164045066341544,1.5,3,0.5,0.5,0.5
9,1,1,1,2,1,1,0,2.0,0.3322944575771982,0.3322944575771982,0.0835954933658456,1.5,3,1.0,1.0,0.0
10,1,1,1,2,1,0,1,1.0,0.3322944575771982,0.6677055424228018,0.9164045066341544,1.5,3,0.3333333333333333,0.3333333333333333,1.0
11,1,1,1,2,1,0,0,3.0,0.3322944575771982,0.6677055424228018,0.0835954933658456,1.5,3,0.5,0.5,0.0
12,1,1,1,2,0,1,1,1.0,0.6677055424228018,0.3322944575771982,0.9164045066341544,1.5,3,0.3333333333333333,0.3333333333333333,1.0
13,1,1,1,2,0,1,0,3.0,0.6677055424228018,0.3322944575771982,0.0835954933658456,1.5,3,0.5,0.5,0.0
14,1,1,1,2,0,0,1,2.0,0.6677055424228018,0.6677055424228018,0.9164045066341544,1.5,3,0.5,0.5,0.5
15,1,1,1,2,0,0,0,0.0,0.6677055424228018,0.6677055424228018,0.0835954933658456,1.5,3,1.0,1.0,0.0
16,1,1,1,3,1,1,1,0.0,0.09936643051113904,0.09936643051113904,0.9891242943326922,1.5,3,0.5,0.5,0.5
17,1,1,1,3,1,1,0,3.0,0.09936643051113904,0.09936643051113904,0.010875705667307823,1.5,3,1.0,1.0,0.0
18,1,1,1,3,1,0,1,1.0,0.09936643051113904,0.900633569488861,0.9891242943326922,1.5,3,0.3333333333333333,0.3333333333333333,1.0
19,1,1,1,3,1,0,0,4.0,0.09936643051113904,0.900633569488861,0.010875705667307823,1.5,3,0.5,0.5,0.0
20,1,1,1,3,0,1,1,1.0,0.900633569488861,0.09936643051113904,0.9891242943326922,1.5,3,0.3333333333333333,0.3333333333333333,1.0
21,1,1,1,3,0,1,0,4.0,0.900633569488861,0.09936643051113904,0.010875705667307823,1.5,3,0.5,0.5,0.0
22,1,1,1,3,0,0,1,2.0,0.900633569488861,0.900633569488861,0.9891242943326922,1.5,3,0.5,0.5,0.5
23,1,1,1,3,0,0,0,0.0,0.900633569488861,0.900633569488861,0.010875705667307823,1.5,3,1.0,1.0,0.0
24,1,1,2,1,1,1,1,0.0,0.3322944575771982,0.9164045066341544,0.3322944575771982,1.5,3,0.5,0.5,0.5
25,1,1,2,1,1,1,0,1.0,0.3322944575771982,0.9164045066341544,0.6677055424228018,1.5,3,0.3333333333333333,1.0,0.3333333333333333
26,1,1,2,1,1,0,1,2.0,0.3322944575771982,0.0835954933658456,0.3322944575771982,1.5,3,1.0,0.0,1.0
27,1,1,2,1,1,0,0,3.0,0.3322944575771982,0.0835954933658456,0.6677055424228018,1.5,3,0.5,0.0,0.5
28,1,1,2,1,0,1,1,1.0,0.6677055424228018,0.9164045066341544,0.3322944575771982,1.5,3,0.3333333333333333,1.0,0.3333333333333333
29,1,1,2,1,0,1,0,2.0,0.6677055424228018,0.9164045066341544,0.6677055424228018,1.5,3,0.5,0.5,0.5
30,1,1,2,1,0,0,1,3.0,0.6677055424228018,0.0835954933658456,0.3322944575771982,1.5,3,0.5,0.0,0.5
31,1,1,2,1,0,0,0,0.0,0.6677055424228018,0.0835954933658456,0.6677055424228018,1.5,3,1.0,0.0,1.0
32,1,1,2,2,1,1,1,0.0,0.046023925646083715,0.93467303423563,0.93467303423563,1.5,3,0.0,0.5,0.5
33,1,1,2,2,1,1,0,2.0,0.046023925646083715,0.93467303423563,0.06532696576436987,1.5,3,0.0,1.0,0.0
34,1,1,2,2,1,0,1,2.0,0.046023925646083715,0.06532696576436987,0.93467303423563,1.5,3,0.0,0.0,1.0
35,1,1,2,2,1,0,0,4.0,0.046023925646083715,0.06532696576436987,0.06532696576436987,1.5,3,0.0,0.0,0.0
36,1,1,2,2,0,1,1,1.0,0.9539760743539164,0.93467303423563,0.93467303423563,1.5,3,0.3333333333333333,0.3333333333333333,0.3333333333333333
37,1,1,2,2,0,1,0,3.0,0.9539760743539164,0.93467303423563,0.06532696576436987,1.5,3,0.5,0.5,0.0
38,1,1,2,2,0,0,1,3.0,0.9539760743539164,0.06532696576436987,0.93467303423563,1.5,3,0.5,0.0,0.5
39,1,1,2,2,0,0,0,0.0,0.9539760743539164,0.06532696576436987,0.06532696576436987,1.5,3,1.0,0.0,0.0
40,1,1,2,3,1,1,1,0.0,0.004458050925888024,0.962263830870314,0.9964253117574022,1.5,3,0.0,0.5,0.5
41,1,1,2,3,1,1,0,3.0,0.004458050925888024,0.962263830870314,0.0035746882425978154,1.5,3,0.0,1.0,0.0
42,1,1,2,3,1,0,1,2.0,0.004458050925888024,0.03773616912968614,0.9964253117574022,1.5,3,0.0,0.0,1.0
43,1,1,2,3,1,0,0,5.0,0.004458050925888024,0.03773616912968614,0.0035746882425978154,1.5,3,0.0,0.0,0.0
44,1,1,2,3,0,1,1,1.0,0.995541949074112,0.962263830870314,0.9964253117574022,1.5,3,0.3333333333333333,0.3333333333333333,0.3333333333333333
45,1,1,2,3,0,1,0,4.0,0.995541949074112,0.962263830870314,0.0035746882425978154,1.5,3,0.5,0.5,0.0
46,1,1,2,3,0,0,1,3.0,0.995541949074112,0.03773616912968614,0.9964253117574022,1.5,3,0.5,0.0,0.5
47,1,1,2,3,0,0,0,0.0,0.995541949074112,0.03773616912968614,0.0035746882425978154,1.5,3,1.0,0.0,0.0
48,1,1,3,1,1,1,1,0.0,0.09936643051113904,0.9891242943326922,0.09936643051113904,1.5,3,0.5,0.5,0.5
49,1,1,3,1,1,1,0,1.0,0.09936643051113904,0.9891242943326922,0.900633569488861,1.5,3,0.3333333333333333,1.0,0.3333333333333333
50,1,1,3,1,1,0,1,3.0,0.09936643051113904,0.010875705667307823,0.09936643051113904,1.5,3,1.0,0.0,1.0
51,1,1,3,1,1,0,0,4.0,0.09936643051113904,0.010875705667307823,0.900633569488861,1.5,3,0.5,0.0,0.5
52,1,1,3,1,0,1,1,1.0,0.900633569488861,0.9891242943326922,0.09936643051113904,1.5,3,0.3333333333333333,1.0,0.3333333333333333
53,1,1,3,1,0,1,0,2.0,0.900633569488861,0.9891242943326922,0.900633569488861,1.5,3,0.5,0.5,0.5
54,1,1,3,1,0,0,1,4.0,0.900633569488861,0.010875705667307823,0.09936643051113904,1.5,3,0.5,0.0,0.5
55,1,1,3,1,0,0,0,0.0,0.900633569488861,0.010875705667307823,0.900633569488861,1.5,3,1.0,0.0,1.0
56,1,1,3,2,1,1,1,0.0,0.004458050925888024,0.9964253117574022,0.962263830870314,1.5,3,0.0,0.5,0.5
57,1,1,3,2,1,1,0,2.0,0.004458050925888024,0.9964253117574022,0.03773616912968615,1.5,3,0.0,1.0,0.0
58,1,1,3,2,1,0,1,3.0,0.004458050925888024,0.003574688242597815,0.962263830870314,1.5,3,0.0,0.0,1.0
59,1,1,3,2,1,0,0,5.0,0.004458050925888024,0.003574688242597815,0.03773616912968615,1.5,3,0.0,0.0,0.0
60,1,1,3,2,0,1,1,1.0,0.995541949074112,0.9964253117574022,0.962263830870314,1.5,3,0.3333333333333333,0.3333333333333333,0.3333333333333333
61,1,1,3,2,0,1,0,3.0,0.995541949074112,0.9964253117574022,0.03773616912968615,1.5,3,0.5,0.5,0.0
62,1,1,3,2,0,0,1,4.0,0.995541949074112,0.003574688242597815,0.962263830870314,1.5,3,0.5,0.0,0.5
63,1,1,3,2,0,0,0,0.0,0.995541949074112,0.003574688242597815,0.03773616912968615,1.5,3,1.0,0.0,0.0
64,1,1,3,3,1,1,1,0.0,0.0002802640485052299,0.999582860810018,0.999582860810018,1.5,3,0.0,0.5,0.5
65,1,1,3,3,1,1,0,3.0,0.0002802640485052299,0.999582860810018,0.00041713918998183833,1.5,3,0.0,1.0,0.0
66,1,1,3,3,1,0,1,3.0,0.0002802640485052299,0.00041713918998183833,0.999582860810018,1.5,3,0.0,0.0,1.0
67,1,1,3,3,1,0,0,6.0,0.0002802640485052299,0.00041713918998183833,0.00041713918998183833,1.5,3,0.0,0.0,0.0
68,1,1,3,3,0,1,1,1.0,0.9997197359514948,0.999582860810018,0.999582860810018,1.5,3,0.3333333333333333,0.3333333333333333,0.3333333333333333
69,1,1,3,3,0,1,0,4.0,0.9997197359514948,0.999582860810018,0.00041713918998183833,1.5,3,0.5,0.5,0.0
70,1,1,3,3,0,0,1,4.0,0.9997197359514948,0.00041713918998183833,0.999582860810018,1.5,3,0.5,0.0,0.5
71,1,1,3,3,0,0,0,0.0,0.9997197359514948,0.00041713918998183833,0.00041713918998183833,1.5,3,1.0,0.0,0.0
72,1,2,1,1,1,1,1,0.0,0.9164045066341544,0.3322944575771982,0.3322944575771982,1.5,3,0.5,0.5,0.5
73,1,2,1,1,1,1,0,1.0,0.9164045066341544,0.3322944575771982,0.6677055424228018,1.5,3,1.0,0.3333333333333333,0.3333333333333333
74,1,2,1,1,1,0,1,1.0,0.9164045066341544,0.6677055424228018,0.3322944575771982,1.5,3,1.0,0.3333333333333333,0.3333333333333333
75,1,2,1,1,1,0,0,2.0,0.9164045066341544,0.6677055424228018,0.6677055424228018,1.5,3,0.5,0.5,0.5
76,1,2,1,1,0,1,1,2.0,0.0835954933658456,0.3322944575771982,0.3322944575771982,1.5,3,0.0,1.0,1.0
77,1,2,1,1,0,1,0,3.0,0.0835954933658456,0.3322944575771982,0.6677055424228018,1.5,3,0.0,0.5,0.5
78,1,2,1,1,0,0,1,3.0,0.0835954933658456,0.6677055424228018,0.3322944575771982,1.5,3,0.0,0.5,0.5
79,1,2,1,1,0,0,0,0.0,0.0835954933658456,0.6677055424228018,0.6677055424228018,1.5,3,0.0,1.0,1.0
80,1,2,1,2,1,1,1,0.0,0.9346730342356302,0.046023925646083715,0.9346730342356302,1.5,3,0.5,0.0,0.5
81,1,2,1,2,1,1,0,2.0,0.9346730342356302,0.046023925646083715,0.06532696576436985,1.5,3,1.0,0.0,0.0
82,1,2,1,2,1,0,1,1.0,0.9346730342356302,0.9539760743539164,0.9346730342356302,1.5,3,0.3333333333333333,0.3333333333333333,0.3333333333333333
83,1,2,1,2,1,0,0,3.0,0.9346730342356302,0.9539760743539164,0.06532696576436985,1.5,3,0.5,0.5,0.0
84,1,2,1,2,0,1,1,2.0,0.06532696576436982,0.046023925646083715,0.9346730342356302,1.5,3,0.0,0.0,1.0
85,1,2,1,2,0,1,0,4.0,0.06532696576436982,0.046023925646083715,0.06532696576436985,1.5,3,0.0,0.0,0.0
86,1,2,1,2,0,0,1,3.0,0.06532696576436982,0.9539760743539164,0.9346730342356302,1.5,3,0.0,0.5,0.5
87,1,2,1,2,0,0,0,0.0,0.06532696576436982,0.9539760743539164,0.06532696576436985,1.5,3,0.0,1.0,0.0
88,1,2,1,3,1,1,1,0.0,0.962263830870314,0.004458050925888024,0.9964253117574022,1.5,3,0.5,0.0,0.5
89,1,2,1,3,1,1,0,3.0,0.962263830870314,0.004458050925888024,0.003574688242597819,1.5,3,1.0,0.0,0.0
90,1,2,1,3,1,0,1,1.0,0.962263830870314,0.995541949074112,0.9964253117574022,1.5,3,0.3333333333333333,0.3333333333333333,0.3333333333333333
91,1,2,1,3,1,0,0,4.0,0.962263830870314,0.995541949074112,0.003574688242597819,1.5,3,0.5,0.5,0.0
92,1,2,1,3,0,1,1,2.0,0.03773616912968614,0.004458050925888024,0.9964253117574022,1.5,3,0.0,0.0,1.0
93,1,2,1,3,0,1,0,5.0,0.03773616912968614,0.004458050925888024,0.003574688242597819,1.5,3,0.0,0.0,0.0
94,1,2,1,3,0,0,1,3.0,0.03773616912968614,0.995541949074112,0.9964253117574022,1.5,3,0.0,0.5,0.5
95,1,2,1,3,0,0,0,0.0,0.03773616912968614,0.995541949074112,0.003574688242597819,1.5,3,0.0,1.0,0.0
96,1,2,2,1,1,1,1,0.0,0.9346730342356302,0.9346730342356302,0.046023925646083715,1.5,3,0.5,0.5,0.0
97,1,2,2,1,1,1,0,1.0,0.9346730342356302,0.9346730342356302,0.9539760743539164,1.5,3,0.3333333333333333,0.3333333333333333,0.3333333333333333
98,1,2,2,1,1,0,1,2.0,0.9346730342356302,0.06532696576436985,0.046023925646083715,1.5,3,1.0,0.0,0.0
99,1,2,2,1,1,0,0,3.0,0.9346730342356302,0.06532696576436985,0.9539760743539164,1.5,3,0.5,0.0,0.5
100,1,2,2,1,0,1,1,2.0,0.06532696576436985,0.9346730342356302,0.046023925646083715,1.5,3,0.0,1.0,0.0
101,1,2,2,1,0,1,0,3.0,0.06532696576436985,0.9346730342356302,0.9539760743539164,1.5,3,0.0,0.5,0.5
102,1,2,2,1,0,0,1,4.0,0.06532696576436985,0.06532696576436985,0.046023925646083715,1.5,3,0.0,0.0,0.0
103,1,2,2,1,0,0,0,0.0,0.06532696576436985,0.06532696576436985,0.9539760743539164,1.5,3,0.0,0.0,1.0
104,1,2,2,2,1,1,1,0.0,0.6530085201468828,0.6530085201468828,0.6530085201468828,1.5,3,0.5,0.5,0.5
105,1,2,2,2,1,1,0,2.0,0.6530085201468828,0.6530085201468828,0.3469914798531172,1.5,3,1.0,1.0,0.3333333333333333
106,1,2,2,2,1,0,1,2.0,0.6530085201468828,0.3469914798531172,0.6530085201468828,1.5,3,1.0,0.3333333333333333,1.0
107,1,2,2,2,1,0,0,4.0,0.6530085201468828,0.3469914798531172,0.3469914798531172,1.5,3,0.5,0.5,0.5
108,1,2,2,2,0,1,1,2.0,0.3469914798531172,0.6530085201468828,0.6530085201468828,1.5,3,0.3333333333333333,1.0,1.0
109,1,2,2,2,0,1,0,4.0,0.3469914798531172,0.6530085201468828,0.3469914798531172,1.5,3,0.5,0.5,0.5
110,1,2,2,2,0,0,1,4.0,0.3469914798531172,0.3469914798531172,0.6530085201468828,1.5,3,0.5,0.5,0.5
111,1,2,2,2,0,0,0,0.0,0.3469914798531172,0.3469914798531172,0.3469914798531172,1.5,3,1.0,1.0,1.0
112,1,2,2,3,1,1,1,0.0,0.2499216887384565,0.2499216887384565,0.9878266777631302,1.5,3,0.5,0.5,0.5
113,1,2,2,3,1,1,0,3.0,0.2499216887384565,0.2499216887384565,0.012173322236869854,1.5,3,1.0,1.0,0.0
114,1,2,2,3,1,0,1,2.0,0.2499216887384565,0.7500783112615435,0.9878266777631302,1.5,3,0.3333333333333333,0.3333333333333333,1.0
115,1,2,2,3,1,0,0,5.0,0.2499216887384565,0.7500783112615435,0.012173322236869854,1.5,3,0.5,0.5,0.0
116,1,2,2,3,0,1,1,2.0,0.7500783112615435,0.2499216887384565,0.9878266777631302,1.5,3,0.3333333333333333,0.3333333333333333,1.0
117,1,2,2,3,0,1,0,5.0,0.7500783112615435,0.2499216887384565,0.012173322236869854,1.5,3,0.5,0.5,0.0
118,1,2,2,3,0,0,1,4.0,0.7500783112615435,0.7500783112615435,0.9878266777631302,1.5,3,0.5,0.5,0.5
119,1,2,2,3,0,0,0,0.0,0.7500783112615435,0.7500783112615435,0.012173322236869854,1.5,3,1.0,1.0,0.0
120,1,2,3,1,1,1,1,0.0,0.9622638308703138,0.9964253117574022,0.004458050925888024,1.5,3,0.5,0.5,0.0
121,1,2,3,1,1,1,0,1.0,0.9622638308703138,0.9964253117574022,0.995541949074112,1.5,3,0.3333333333333333,0.3333333333333333,0.3333333333333333
122,1,2,3,1,1,0,1,3.0,0.9622638308703138,0.003574688242597823,0.004458050925888024,1.5,3,1.0,0.0,0.0
123,1,2,3,1,1,0,0,4.0,0.9622638308703138,0.003574688242597823,0.995541949074112,1.5,3,0.5,0.0,0.5
124,1,2,3,1,0,1,1,2.0,0.037736169129686206,0.9964253117574022,0.004458050925888024,1.5,3,0.0,1.0,0.0
125,1,2,3,1,0,1,0,3.0,0.037736169129686206,0.9964253117574022,0.995541949074112,1.5,3,0.0,0.5,0.5
126,1,2,3,1,0,0,1,5.0,0.037736169129686206,0.003574688242597823,0.004458050925888024,1.5,3,0.0,0.0,0.0
127,1,2,3,1,0,0,0,0.0,0.037736169129686206,0.003574688242597823,0.995541949074112,1.5,3,0.0,0.0,1.0
128,1,2,3,2,1,1,1,0.0,0.2499216887384565,0.9878266777631302,0.2499216887384565,1.5,3,0.5,0.5,0.5
129,1,2,3,2,1,1,0,2.0,0.2499216887384565,0.9878266777631302,0.7500783112615435,1.5,3,0.3333333333333333,1.0,0.3333333333333333
130,1,2,3,2,1,0,1,3.0,0.2499216887384565,0.012173322236869843,0.2499216887384565,1.5,3,1.0,0.0,1.0
131,1,2,3,2,1,0,0,5.0,0.2499216887384565,0.012173322236869843,0.7500783112615435,1.5,3,0.5,0.0,0.5
132,1,2,3,2,0,1,1,2.0,0.7500783112615435,0.9878266777631302,0.2499216887384565,1.5,3,0.3333333333333333,1.0,0.3333333333333333
133,1,2,3,2,0,1,0,4.0,0.7500783112615435,0.9878266777631302,0.7500783112615435,1.5,3,0.5,0.5,0.5
134,1,2,3,2,0,0,1,5.0,0.7500783112615435,0.012173322236869843,0.2499216887384565,1.5,3,0.5,0.0,0.5
135,1,2,3,2,0,0,0,0.0,0.7500783112615435,0.012173322236869843,0.7500783112615435,1.5,3,1.0,0.0,1.0
136,1,2,3,3,1,1,1,0.0,0.0031775514148746358,0.9951942658465128,0.9951942658465128,1.5,3,0.0,0.5,0.5
137,1,2,3,3,1,1,0,3.0,0.0031775514148746358,0.9951942658465128,0.004805734153487043,1.5,3,0.0,1.0,0.0
138,1,2,3,3,1,0,1,3.0,0.0031775514148746358,0.004805734153487043,0.9951942658465128,1.5,3,0.0,0.0,1.0
139,1,2,3,3,1,0,0,6.0,0.0031775514148746358,0.004805734153487043,0.004805734153487043,1.5,3,0.0,0.0,0.0
140,1,2,3,3,0,1,1,2.0,0.9968224485851254,0.9951942658465128,0.9951942658465128,1.5,3,0.3333333333333333,0.3333333333333333,0.3333333333333333
141,1,2,3,3,0,1,0,5.0,0.9968224485851254,0.9951942658465128,0.004805734153487043,1.5,3,0.5,0.5,0.0
142,1,2,3,3,0,0,1,5.0,0.9968224485851254,0.004805734153487043,0.9951942658465128,1.5,3,0.5,0.0,0.5
143,1,2,3,3,0,0,0,0.0,0.9968224485851254,0.004805734153487043,0.004805734153487043,1.5,3,1.0,0.0,0.0
144,1,3,1,1,1,1,1,0.0,0.9891242943326922,0.09936643051113904,0.09936643051113904,1.5,3,0.5,0.5,0.5
145,1,3,1,1,1,1,0,1.0,0.9891242943326922,0.09936643051113904,0.900633569488861,1.5,3,1.0,0.3333333333333333,0.3333333333333333
146,1,3,1,1,1,0,1,1.0,0.9891242943326922,0.900633569488861,0.09936643051113904,1.5,3,1.0,0.3333333333333333,0.3333333333333333
147,1,3,1,1,1,0,0,2.0,0.9891242943326922,0.900633569488861,0.900633569488861,1.5,3,0.5,0.5,0.5
148,1,3,1,1,0,1,1,3.0,0.010875705667307823,0.09936643051113904,0.09936643051113904,1.5,3,0.0,1.0,1.0
149,1,3,1,1,0,1,0,4.0,0.010875705667307823,0.09936643051113904,0.900633569488861,1.5,3,0.0,0.5,0.5
150,1,3,1,1,0,0,1,4.0,0.010875705667307823,0.900633569488861,0.09936643051113904,1.5,3,0.0,0.5,0.5
151,1,3,1,1,0,0,0,0.0,0.010875705667307823,0.900633569488861,0.900633569488861,1.5,3,0.0,1.0,1.0
152,1,3,1,2,1,1,1,0.0,0.9964253117574022,0.004458050925888024,0.962263830870314,1.5,3,0.5,0.0,0.5
153,1,3,1,2,1,1,0,2.0,0.9964253117574022,0.004458050925888024,0.03773616912968615,1.5,3,1.0,0.0,0.0
154,1,3,1,2,1,0,1,1.0,0.9964253117574022,0.995541949074112,0.962263830870314,1.5,3,0.3333333333333333,0.3333333333333333,0.3333333333333333
155,1,3,1,2,1,0,0,3.0,0.9964253117574022,0.995541949074112,0.03773616912968615,1.5,3,0.5,0.5,0.0
156,1,3,1,2,0,1,1,3.0,0.003574688242597815,0.004458050925888024,0.962263830870314,1.5,3,0.0,0.0,1.0
157,1,3,1,2,0,1,0,5.0,0.003574688242597815,0.004458050925888024,0.03773616912968615,1.5,3,0.0,0.0,0.0
158,1,3,1,2,0,0,1,4.0,0.003574688242597815,0.995541949074112,0.962263830870314,1.5,3,0.0,0.5,0.5
159,1,3,1,2,0,0,0,0.0,0.003574688242597815,0.995541949074112,0.03773616912968615,1.5,3,0.0,1.0,0.0
160,1,3,1,3,1,1,1,0.0,0.999582860810018,0.0002802640485052299,0.999582860810018,1.5,3,0.5,0.0,0.5
161,1,3,1,3,1,1,0,3.0,0.999582860810018,0.0002802640485052299,0.00041713918998183833,1.5,3,1.0,0.0,0.0
162,1,3,1,3,1,0,1,1.0,0.999582860810018,0.9997197359514948,0.999582860810018,1.5,3,0.3333333333333333,0.3333333333333333,0.3333333333333333
163,1,3,1,3,1,0,0,4.0,0.999582860810018,0.9997197359514948,0.00041713918998183833,1.5,3,0.5,0.5,0.0
164,1,3,1,3,0,1,1,3.0,0.00041713918998183833,0.0002802640485052299,0.999582860810018,1.5,3,0.0,0.0,1.0
165,1,3,1,3,0,1,0,6.0,0.00041713918998183833,0.0002802640485052299,0.00041713918998183833,1.5,3,0.0,0.0,0.0
166,1,3,1,3,0,0,1,4.0,0.00041713918998183833,0.9997197359514948,0.999582860810018,1.5,3,0.0,0.5,0.5
167,1,3,1,3,0,0,0,0.0,0.00041713918998183833,0.9997197359514948,0.00041713918998183833,1.5,3,0.0,1.0,0.0
168,1,3,2,1,1,1,1,0.0,0.9964253117574022,0.9622638308703138,0.004458050925888024,1.5,3,0.5,0.5,0.0
169,1,3,2,1,1,1,0,1.0,0.9964253117574022,0.9622638308703138,0.995541949074112,1.5,3,0.3333333333333333,0.3333333333333333,0.3333333333333333
170,1,3,2,1,1,0,1,2.0,0.9964253117574022,0.037736169129686206,0.004458050925888024,1.5,3,1.0,0.0,0.0
171,1,3,2,1,1,0,0,3.0,0.9964253117574022,0.037736169129686206,0.995541949074112,1.5,3,0.5,0.0,0.5
172,1,3,2,1,0,1,1,3.0,0.003574688242597823,0.9622638308703138,0.004458050925888024,1.5,3,0.0,1.0,0.0
173,1,3,2,1,0,1,0,4.0,0.003574688242597823,0.9622638308703138,0.995541949074112,1.5,3,0.0,0.5,0.5
174,1,3,2,1,0,0,1,5.0,0.003574688242597823,0.037736169129686206,0.004458050925888024,1.5,3,0.0,0.0,0.0
175,1,3,2,1,0,0,0,0.0,0.003574688242597823,0.037736169129686206,0.995541949074112,1.5,3,0.0,0.0,1.0
176,1,3,2,2,1,1,1,0.0,0.9878266777631302,0.2499216887384565,0.2499216887384565,1.5,3,0.5,0.5,0.5
177,1,3,2,2,1,1,0,2.0,0.9878266777631302,0.2499216887384565,0.7500783112615435,1.5,3,1.0,0.3333333333333333,0.3333333333333333
178,1,3,2,2,1,0,1,2.0,0.9878266777631302,0.7500783112615435,0.2499216887384565,1.5,3,1.0,0.3333333333333333,0.3333333333333333
179,1,3,2,2,1,0,0,4.0,0.9878266777631302,0.7500783112615435,0.7500783112615435,1.5,3,0.5,0.5,0.5
180,1,3,2,2,0,1,1,3.0,0.012173322236869843,0.2499216887384565,0.2499216887384565,1.5,3,0.0,1.0,1.0
181,1,3,2,2,0,1,0,5.0,0.012173322236869843,0.2499216887384565,0.7500783112615435,1.5,3,0.0,0.5,0.5
182,1,3,2,2,0,0,1,5.0,0.012173322236869843,0.7500783112615435,0.2499216887384565,1.5,3,0.0,0.5,0.5
183,1,3,2,2,0,0,0,0.0,0.012173322236869843,0.7500783112615435,0.7500783112615435,1.5,3,0.0,1.0,1.0
184,1,3,2,3,1,1,1,0.0,0.9951942658465128,0.0031775514148746358,0.9951942658465128,1.5,3,0.5,0.0,0.5
185,1,3,2,3,1,1,0,3.0,0.9951942658465128,0.0031775514148746358,0.004805734153487043,1.5,3,1.0,0.0,0.0
186,1,3,2,3,1,0,1,2.0,0.9951942658465128,0.9968224485851254,0.9951942658465128,1.5,3,0.3333333333333333,0.3333333333333333,0.3333333333333333
187,1,3,2,3,1,0,0,5.0,0.9951942658465128,0.9968224485851254,0.004805734153487043,1.5,3,0.5,0.5,0.0
188,1,3,2,3,0,1,1,3.0,0.004805734153487043,0.0031775514148746358,0.9951942658465128,1.5,3,0.0,0.0,1.0
189,1,3,2,3,0,1,0,6.0,0.004805734153487043,0.0031775514148746358,0.004805734153487043,1.5,3,0.0,0.0,0.0
190,1,3,2,3,0,0,1,5.0,0.004805734153487043,0.9968224485851254,0.9951942658465128,1.5,3,0.0,0.5,0.5
191,1,3,2,3,0,0,0,0.0,0.004805734153487043,0.9968224485851254,0.004805734153487043,1.5,3,0.0,1.0,0.0
192,1,3,3,1,1,1,1,0.0,0.999582860810018,0.999582860810018,0.0002802640485052299,1.5,3,0.5,0.5,0.0
193,1,3,3,1,1,1,0,1.0,0.999582860810018,0.999582860810018,0.9997197359514948,1.5,3,0.3333333333333333,0.3333333333333333,0.3333333333333333
194,1,3,3,1,1,0,1,3.0,0.999582860810018,0.00041713918998183665,0.0002802640485052299,1.5,3,1.0,0.0,0.0
195,1,3,3,1,1,0,0,4.0,0.999582860810018,0.00041713918998183665,0.9997197359514948,1.5,3,0.5,0.0,0.5
196,1,3,3,1,0,1,1,3.0,0.00041713918998183665,0.999582860810018,0.0002802640485052299,1.5,3,0.0,1.0,0.0
197,1,3,3,1,0,1,0,4.0,0.00041713918998183665,0.999582860810018,0.9997197359514948,1.5,3,0.0,0.5,0.5
198,1,3,3,1,0,0,1,6.0,0.00041713918998183665,0.00041713918998183665,0.0002802640485052299,1.5,3,0.0,0.0,0.0
199,1,3,3,1,0,0,0,0.0,0.00041713918998183665,0.00041713918998183665,0.9997197359514948,1.5,3,0.0,0.0,1.0
200,1,3,3,2,1,1,1,0.0,0.9951942658465128,0.9951942658465128,0.0031775514148746358,1.5,3,0.5,0.5,0.0
201,1,3,3,2,1,1,0,2.0,0.9951942658465128,0.9951942658465128,0.9968224485851254,1.5,3,0.3333333333333333,0.3333333333333333,0.3333333333333333
202,1,3,3,2,1,0,1,3.0,0.9951942658465128,0.004805734153487043,0.0031775514148746358,1.5,3,1.0,0.0,0.0
203,1,3,3,2,1,0,0,5.0,0.9951942658465128,0.004805734153487043,0.9968224485851254,1.5,3,0.5,0.0,0.5
204,1,3,3,2,0,1,1,3.0,0.004805734153487043,0.9951942658465128,0.0031775514148746358,1.5,3,0.0,1.0,0.0
205,1,3,3,2,0,1,0,5.0,0.004805734153487043,0.9951942658465128,0.9968224485851254,1.5,3,0.0,0.5,0.5
206,1,3,3,2,0,0,1,6.0,0.004805734153487043,0.004805734153487043,0.0031775514148746358,1.5,3,0.0,0.0,0.0
207,1,3,3,2,0,0,0,0.0,0.004805734153487043,0.004805734153487043,0.9968224485851254,1.5,3,0.0,0.0,1.0
208,1,3,3,3,1,1,1,0.0,0.7412831673229282,0.7412831673229282,0.7412831673229282,1.5,3,0.5,0.5,0.5
209,1,3,3,3,1,1,0,3.0,0.7412831673229282,0.7412831673229282,0.2587168326770718,1.5,3,1.0,1.0,0.3333333333333333
210,1,3,3,3,1,0,1,3.0,0.7412831673229282,0.2587168326770718,0.7412831673229282,1.5,3,1.0,0.3333333333333333,1.0
211,1,3,3,3,1,0,0,6.0,0.7412831673229282,0.2587168326770718,0.2587168326770718,1.5,3,0.5,0.5,0.5
212,1,3,3,3,0,1,1,3.0,0.2587168326770718,0.7412831673229282,0.7412831673229282,1.5,3,0.3333333333333333,1.0,1.0
213,1,3,3,3,0,1,0,6.0,0.2587168326770718,0.7412831673229282,0.2587168326770718,1.5,3,0.5,0.5,0.5
214,1,3,3,3,0,0,1,6.0,0.2587168326770718,0.2587168326770718,0.7412831673229282,1.5,3,0.5,0.5,0.5
215,1,3,3,3,0,0,0,0.0,0.2587168326770718,0.2587168326770718,0.2587168326770718,1.5,3,1.0,1.0,1.0
216,2,1,1,1,1,1,1,0.0,0.4490845019952036,0.4490845019952036,0.4490845019952036,1.5,3,1.0,1.0,1.0
217,2,1,1,1,1,1,0,1.0,0.4490845019952036,0.4490845019952036,0.5509154980047964,1.5,3,0.5,0.5,0.5
218,2,1,1,1,1,0,1,1.0,0.4490845019952036,0.5509154980047964,0.4490845019952036,1.5,3,0.5,0.5,0.5
219,2,1,1,1,1,0,0,0.0,0.4490845019952036,0.5509154980047964,0.5509154980047964,1.5,3,0.3333333333333333,1.0,1.0
220,2,1,1,1,0,1,1,1.0,0.5509154980047964,0.4490845019952036,0.4490845019952036,1.5,3,0.5,0.5,0.5
221,2,1,1,1,0,1,0,0.0,0.5509154980047964,0.4490845019952036,0.5509154980047964,1.5,3,1.0,0.3333333333333333,1.0
222,2,1,1,1,0,0,1,0.0,0.5509154980047964,0.5509154980047964,0.4490845019952036,1.5,3,1.0,1.0,0.3333333333333333
223,2,1,1,1,0,0,0,0.0,0.5509154980047964,0.5509154980047964,0.5509154980047964,1.5,3,0.5,0.5,0.5
224,2,1,1,2,1,1,1,0.0,0.5788161593962715,0.5788161593962715,0.31066720453770097,1.5,3,0.5,0.5,1.0
225,2,1,1,2,1,1,0,2.0,0.5788161593962715,0.5788161593962715,0.689332795462299,1.5,3,0.3333333333333333,0.3333333333333333,0.3333333333333333
226,2,1,1,2,1,0,1,1.0,0.5788161593962715,0.4211838406037284,0.31066720453770097,1.5,3,1.0,0.5,0.5
227,2,1,1,2,1,0,0,0.0,0.5788161593962715,0.4211838406037284,0.689332795462299,1.5,3,0.5,1.0,0.5
228,2,1,1,2,0,1,1,1.0,0.4211838406037284,0.5788161593962715,0.31066720453770097,1.5,3,0.5,1.0,0.5
229,2,1,1,2,0,1,0,0.0,0.4211838406037284,0.5788161593962715,0.689332795462299,1.5,3,1.0,0.5,0.5
230,2,1,1,2,0,0,1,2.0,0.4211838406037284,0.4211838406037284,0.31066720453770097,1.5,3,0.3333333333333333,0.3333333333333333,0.3333333333333333
231,2,1,1,2,0,0,0,0.0,0.4211838406037284,0.4211838406037284,0.689332795462299,1.5,3,0.5,0.5,1.0
232,2,1,1,3,1,1,1,0.0,0.4066300654692314,0.4066300654692314,0.4963057584232722,1.5,3,0.0,0.0,1.0
233,2,1,1,3,1,1,0,3.0,0.4066300654692314,0.4066300654692314,0.5036942415767278,1.5,3,0.0,0.0,0.0
234,2,1,1,3,1,0,1,1.0,0.4066300654692314,0.5933699345307686,0.4963057584232722,1.5,3,0.0,0.5,0.5
235,2,1,1,3,1,0,0,0.0,0.4066300654692314,0.5933699345307686,0.5036942415767278,1.5,3,0.0,1.0,0.0
236,2,1,1,3,0,1,1,1.0,0.5933699345307686,0.4066300654692314,0.4963057584232722,1.5,3,0.5,0.0,0.5
237,2,1,1,3,0,1,0,0.0,0.5933699345307686,0.4066300654692314,0.5036942415767278,1.5,3,1.0,0.0,0.0
238,2,1,1,3,0,0,1,2.0,0.5933699345307686,0.5933699345307686,0.4963057584232722,1.5,3,0.3333333333333333,0.3333333333333333,0.3333333333333333
239,2,1,1,3,0,0,0,0.0,0.5933699345307686,0.5933699345307686,0.5036942415767278,1.5,3,0.5,0.5,0.0
240,2,1,2,1,1,1,1,0.0,0.5788161593962715,0.31066720453770097,0.5788161593962715,1.5,3,0.5,1.0,0.5
241,2,1,2,1,1,1,0,1.0,0.5788161593962715,0.31066720453770097,0.4211838406037284,1.5,3,1.0,0.5,0.5
242,2,1,2,1,1,0,1,2.0,0.5788161593962715,0.689332795462299,0.5788161593962715,1.5,3,0.3333333333333333,0.3333333333333333,0.3333333333333333
243,2,1,2,1,1,0,0,0.0,0.5788161593962715,0.689332795462299,0.4211838406037284,1.5,3,0.5,0.5,1.0
244,2,1,2,1,0,1,1,1.0,0.4211838406037284,0.31066720453770097,0.5788161593962715,1.5,3,0.5,0.5,1.0
245,2,1,2,1,0,1,0,2.0,0.4211838406037284,0.31066720453770097,0.4211838406037284,1.5,3,0.3333333333333333,0.3333333333333333,0.3333333333333333
246,2,1,2,1,0,0,1,0.0,0.4211838406037284,0.689332795462299,0.5788161593962715,1.5,3,1.0,0.5,0.5
247,2,1,2,1,0,0,0,0.0,0.4211838406037284,0.689332795462299,0.4211838406037284,1.5,3,0.5,1.0,0.5
248,2,1,2,2,1,1,1,0.0,0.8461944167963293,0.4078548414516433,0.4078548414516433,1.5,3,0.5,0.5,0.5
249,2,1,2,2,1,1,0,2.0,0.8461944167963293,0.4078548414516433,0.5921451585483567,1.5,3,1.0,0.3333333333333333,0.3333333333333333
250,2,1,2,2,1,0,1,2.0,0.8461944167963293,0.5921451585483567,0.4078548414516433,1.5,3,1.0,0.3333333333333333,0.3333333333333333
251,2,1,2,2,1,0,0,0.0,0.8461944167963293,0.5921451585483567,0.5921451585483567,1.5,3,0.5,0.5,0.5
252,2,1,2,2,0,1,1,1.0,0.15380558320367066,0.4078548414516433,0.4078548414516433,1.5,3,0.0,1.0,1.0
253,2,1,2,2,0,1,0,3.0,0.15380558320367066,0.4078548414516433,0.5921451585483567,1.5,3,0.0,0.5,0.5
254,2,1,2,2,0,0,1,3.0,0.15380558320367066,0.5921451585483567,0.4078548414516433,1.5,3,0.0,0.5,0.5
255,2,1,2,2,0,0,0,0.0,0.15380558320367066,0.5921451585483567,0.5921451585483567,1.5,3,0.0,1.0,1.0
256,2,1,2,3,1,1,1,0.0,0.9357819062572847,0.030715011954147494,0.9487015576729994,1.5,3,0.5,0.0,0.5
257,2,1,2,3,1,1,0,3.0,0.9357819062572847,0.030715011954147494,0.05129844232700065,1.5,3,1.0,0.0,0.0
258,2,1,2,3,1,0,1,2.0,0.9357819062572847,0.9692849880458524,0.9487015576729994,1.5,3,0.3333333333333333,0.3333333333333333,0.3333333333333333
259,2,1,2,3,1,0,0,0.0,0.9357819062572847,0.9692849880458524,0.05129844232700065,1.5,3,0.5,0.5,0.0
260,2,1,2,3,0,1,1,1.0,0.06421809374271524,0.030715011954147494,0.9487015576729994,1.5,3,0.0,0.0,1.0
261,2,1,2,3,0,1,0,4.0,0.06421809374271524,0.030715011954147494,0.05129844232700065,1.5,3,0.0,0.0,0.0
262,2,1,2,3,0,0,1,3.0,0.06421809374271524,0.9692849880458524,0.9487015576729994,1.5,3,0.0,0.5,0.5
263,2,1,2,3,0,0,0,0.0,0.06421809374271524,0.9692849880458524,0.05129844232700065,1.5,3,0.0,1.0,0.0
264,2,1,3,1,1,1,1,0.0,0.4066300654692315,0.4963057584232722,0.4066300654692315,1.5,3,0.0,1.0,0.0
265,2,1,3,1,1,1,0,1.0,0.4066300654692315,0.4963057584232722,0.5933699345307685,1.5,3,0.0,0.5,0.5
266,2,1,3,1,1,0,1,3.0,0.4066300654692315,0.5036942415767278,0.4066300654692315,1.5,3,0.0,0.0,0.0
267,2,1,3,1,1,0,0,0.0,0.4066300654692315,0.5036942415767278,0.5933699345307685,1.5,3,0.0,0.0,1.0
268,2,1,3,1,0,1,1,1.0,0.5933699345307685,0.4963057584232722,0.4066300654692315,1.5,3,0.5,0.5,0.0
269,2,1,3,1,0,1,0,2.0,0.5933699345307685,0.4963057584232722,0.5933699345307685,1.5,3,0.3333333333333333,0.3333333333333333,0.3333333333333333
270,2,1,3,1,0,0,1,0.0,0.5933699345307685,0.5036942415767278,0.4066300654692315,1.5,3,1.0,0.0,0.0
271,2,1,3,1,0,0,0,0.0,0.5933699345307685,0.5036942415767278,0.5933699345307685,1.5,3,0.5,0.0,0.5
272,2,1,3,2,1,1,1,0.0,0.9357819062572847,0.9487015576729994,0.030715011954147494,1.5,3,0.5,0.5,0.0
273,2,1,3,2,1,1,0,2.0,0.9357819062572847,0.9487015576729994,0.9692849880458524,1.5,3,0.3333333333333333,0.3333333333333333,0.3333333333333333
274,2,1,3,2,1,0,1,3.0,0.9357819062572847,0.051298442327000614,0.030715011954147494,1.5,3,1.0,0.0,0.0
275,2,1,3,2,1,0,0,0.0,0.9357819062572847,0.051298442327000614,0.9692849880458524,1.5,3,0.5,0.0,0.5
276,2,1,3,2,0,1,1,1.0,0.06421809374271524,0.9487015576729994,0.030715011954147494,1.5,3,0.0,1.0,0.0
277,2,1,3,2,0,1,0,3.0,0.06421809374271524,0.9487015576729994,0.9692849880458524,1.5,3,0.0,0.5,0.5
278,2,1,3,2,0,0,1,4.0,0.06421809374271524,0.051298442327000614,0.030715011954147494,1.5,3,0.0,0.0,0.0
279,2,1,3,2,0,0,0,0.0,0.06421809374271524,0.051298442327000614,0.9692849880458524,1.5,3,0.0,0.0,1.0
280,2,1,3,3,1,1,1,0.0,0.9078441530038498,0.4037398279319737,0.4037398279319737,1.5,3,0.5,0.5,0.5
281,2,1,3,3,1,1,0,3.0,0.9078441530038498,0.4037398279319737,0.5962601720680263,1.5,3,1.0,0.3333333333333333,0.3333333333333333
282,2,1,3,3,1,0,1,3.0,0.9078441530038498,0.5962601720680263,0.4037398279319737,1.5,3,1.0,0.3333333333333333,0.3333333333333333
283,2,1,3,3,1,0,0,0.0,0.9078441530038498,0.5962601720680263,0.5962601720680263,1.5,3,0.5,0.5,0.5
284,2,1,3,3,0,1,1,1.0,0.09215584699615018,0.4037398279319737,0.4037398279319737,1.5,3,0.0,1.0,1.0
285,2,1,3,3,0,1,0,4.0,0.09215584699615018,0.4037398279319737,0.5962601720680263,1.5,3,0.0,0.5,0.5
286,2,1,3,3,0,0,1,4.0,0.09215584699615018,0.5962601720680263,0.4037398279319737,1.5,3,0.0,0.5,0.5
287,2,1,3,3,0,0,0,0.0,0.09215584699615018,0.5962601720680263,0.5962601720680263,1.5,3,0.0,1.0,1.0
288,2,2,1,1,1,1,1,0.0,0.31066720453770097,0.5788161593962715,0.5788161593962715,1.5,3,1.0,0.5,0.5
289,2,2,1,1,1,1,0,1.0,0.31066720453770097,0.5788161593962715,0.4211838406037284,1.5,3,0.5,1.0,0.5
290,2,2,1,1,1,0,1,1.0,0.31066720453770097,0.4211838406037284,0.5788161593962715,1.5,3,0.5,0.5,1.0
291,2,2,1,1,1,0,0,2.0,0.31066720453770097,0.4211838406037284,0.4211838406037284,1.5,3,0.3333333333333333,0.3333333333333333,0.3333333333333333
292,2,2,1,1,0,1,1,2.0,0.689332795462299,0.5788161593962715,0.5788161593962715,1.5,3,0.3333333333333333,0.3333333333333333,0.3333333333333333
293,2,2,1,1,0,1,0,0.0,0.689332795462299,0.5788161593962715,0.4211838406037284,1.5,3,0.5,0.5,1.0
294,2,2,1,1,0,0,1,0.0,0.689332795462299,0.4211838406037284,0.5788161593962715,1.5,3,0.5,1.0,0.5
295,2,2,1,1,0,0,0,0.0,0.689332795462299,0.4211838406037284,0.4211838406037284,1.5,3,1.0,0.5,0.5
296,2,2,1,2,1,1,1,0.0,0.4078548414516433,0.8461944167963293,0.4078548414516433,1.5,3,0.5,0.5,0.5
297,2,2,1,2,1,1,0,2.0,0.4078548414516433,0.8461944167963293,0.5921451585483567,1.5,3,0.3333333333333333,1.0,0.3333333333333333
298,2,2,1,2,1,0,1,1.0,0.4078548414516433,0.15380558320367066,0.4078548414516433,1.5,3,1.0,0.0,1.0
299,2,2,1,2,1,0,0,3.0,0.4078548414516433,0.15380558320367066,0.5921451585483567,1.5,3,0.5,0.0,0.5
300,2,2,1,2,0,1,1,2.0,0.5921451585483567,0.8461944167963293,0.4078548414516433,1.5,3,0.3333333333333333,1.0,0.3333333333333333
301,2,2,1,2,0,1,0,0.0,0.5921451585483567,0.8461944167963293,0.5921451585483567,1.5,3,0.5,0.5,0.5
302,2,2,1,2,0,0,1,3.0,0.5921451585483567,0.15380558320367066,0.4078548414516433,1.5,3,0.5,0.0,0.5
303,2,2,1,2,0,0,0,0.0,0.5921451585483567,0.15380558320367066,0.5921451585483567,1.5,3,1.0,0.0,1.0
304,2,2,1,3,1,1,1,0.0,0.030715011954147494,0.9357819062572847,0.9487015576729994,1.5,3,0.0,0.5,0.5
305,2,2,1,3,1,1,0,3.0,0.030715011954147494,0.9357819062572847,0.05129844232700065,1.5,3,0.0,1.0,0.0
306,2,2,1,3,1,0,1,1.0,0.030715011954147494,0.06421809374271524,0.9487015576729994,1.5,3,0.0,0.0,1.0
307,2,2,1,3,1,0,0,4.0,0.030715011954147494,0.06421809374271524,0.05129844232700065,1.5,3,0.0,0.0,0.0
308,2,2,1,3,0,1,1,2.0,0.9692849880458524,0.9357819062572847,0.9487015576729994,1.5,3,0.3333333333333333,0.3333333333333333,0.3333333333333333
309,2,2,1,3,0,1,0,0.0,0.9692849880458524,0.9357819062572847,0.05129844232700065,1.5,3,0.5,0.5,0.0
310,2,2,1,3,0,0,1,3.0,0.9692849880458524,0.06421809374271524,0.9487015576729994,1.5,3,0.5,0.0,0.5
311,2,2,1,3,0,0,0,0.0,0.9692849880458524,0.06421809374271524,0.05129844232700065,1.5,3,1.0,0.0,0.0
312,2,2,2,1,1,1,1,0.0,0.4078548414516433,0.4078548414516433,0.8461944167963293,1.5,3,0.5,0.5,0.5
313,2,2,2,1,1,1,0,1.0,0.4078548414516433,0.4078548414516433,0.15380558320367066,1.5,3,1.0,1.0,0.0
314,2,2,2,1,1,0,1,2.0,0.4078548414516433,0.5921451585483567,0.8461944167963293,1.5,3,0.3333333333333333,0.3333333333333333,1.0
315,2,2,2,1,1,0,0,3.0,0.4078548414516433,0.5921451585483567,0.15380558320367066,1.5,3,0.5,0.5,0.0
316,2,2,2,1,0,1,1,2.0,0.5921451585483567,0.4078548414516433,0.8461944167963293,1.5,3,0.3333333333333333,0.3333333333333333,1.0
317,2,2,2,1,0,1,0,3.0,0.5921451585483567,0.4078548414516433,0.15380558320367066,1.5,3,0.5,0.5,0.0
318,2,2,2,1,0,0,1,0.0,0.5921451585483567,0.5921451585483567,0.8461944167963293,1.5,3,0.5,0.5,0.5
319,2,2,2,1,0,0,0,0.0,0.5921451585483567,0.5921451585483567,0.15380558320367066,1.5,3,1.0,1.0,0.0
320,2,2,2,2,1,1,1,0.0,0.6530085201468828,0.6530085201468828,0.6530085201468828,1.5,3,0.5,0.5,0.5
321,2,2,2,2,1,1,0,2.0,0.6530085201468828,0.6530085201468828,0.3469914798531172,1.5,3,1.0,1.0,0.3333333333333333
322,2,2,2,2,1,0,1,2.0,0.6530085201468828,0.3469914798531172,0.6530085201468828,1.5,3,1.0,0.3333333333333333,1.0
323,2,2,2,2,1,0,0,4.0,0.6530085201468828,0.3469914798531172,0.3469914798531172,1.5,3,0.5,0.5,0.5
324,2,2,2,2,0,1,1,2.0,0.3469914798531172,0.6530085201468828,0.6530085201468828,1.5,3,0.3333333333333333,1.0,1.0
325,2,2,2,2,0,1,0,4.0,0.3469914798531172,0.6530085201468828,0.3469914798531172,1.5,3,0.5,0.5,0.5
326,2,2,2,2,0,0,1,4.0,0.3469914798531172,0.3469914798531172,0.6530085201468828,1.5,3,0.5,0.5,0.5
327,2,2,2,2,0,0,0,0.0,0.3469914798531172,0.3469914798531172,0.3469914798531172,1.5,3,1.0,1.0,1.0
328,2,2,2,3,1,1,1,0.0,0.2499216887384565,0.2499216887384565,0.9878266777631302,1.5,3,0.5,0.5,0.5
329,2,2,2,3,1,1,0,3.0,0.2499216887384565,0.2499216887384565,0.012173322236869854,1.5,3,1.0,1.0,0.0
330,2,2,2,3,1,0,1,2.0,0.2499216887384565,0.7500783112615435,0.9878266777631302,1.5,3,0.3333333333333333,0.3333333333333333,1.0
331,2,2,2,3,1,0,0,5.0,0.2499216887384565,0.7500783112615435,0.012173322236869854,1.5,3,0.5,0.5,0.0
332,2,2,2,3,0,1,1,2.0,0.7500783112615435,0.2499216887384565,0.9878266777631302,1.5,3,0.3333333333333333,0.3333333333333333,1.0
333,2,2,2,3,0,1,0,5.0,0.7500783112615435,0.2499216887384565,0.012173322236869854,1.5,3,0.5,0.5,0.0
334,2,2,2,3,0,0,1,4.0,0.7500783112615435,0.7500783112615435,0.9878266777631302,1.5,3,0.5,0.5,0.5
335,2,2,2,3,0,0,0,0.0,0.7500783112615435,0.7500783112615435,0.012173322236869854,1.5,3,1.0,1.0,0.0
336,2,2,3,1,1,1,1,0.0,0.030715011954147494,0.9487015576729994,0.9357819062572847,1.5,3,0.0,0.5,0.5
337,2,2,3,1,1,1,0,1.0,0.030715011954147494,0.9487015576729994,0.06421809374271524,1.5,3,0.0,1.0,0.0
338,2,2,3,1,1,0,1,3.0,0.030715011954147494,0.051298442327000614,0.9357819062572847,1.5,3,0.0,0.0,1.0
339,2,2,3,1,1,0,0,4.0,0.030715011954147494,0.051298442327000614,0.06421809374271524,1.5,3,0.0,0.0,0.0
340,2,2,3,1,0,1,1,2.0,0.9692849880458524,0.9487015576729994,0.9357819062572847,1.5,3,0.3333333333333333,0.3333333333333333,0.3333333333333333
341,2,2,3,1,0,1,0,3.0,0.9692849880458524,0.9487015576729994,0.06421809374271524,1.5,3,0.5,0.5,0.0
342,2,2,3,1,0,0,1,0.0,0.9692849880458524,0.051298442327000614,0.9357819062572847,1.5,3,0.5,0.0,0.5
343,2,2,3,1,0,0,0,0.0,0.9692849880458524,0.051298442327000614,0.06421809374271524,1.5,3,1.0,0.0,0.0
344,2,2,3,2,1,1,1,0.0,0.2499216887384565,0.9878266777631302,0.2499216887384565,1.5,3,0.5,0.5,0.5
345,2,2,3,2,1,1,0,2.0,0.2499216887384565,0.9878266777631302,0.7500783112615435,1.5,3,0.3333333333333333,1.0,0.3333333333333333
346,2,2,3,2,1,0,1,3.0,0.2499216887384565,0.012173322236869843,0.2499216887384565,1.5,3,1.0,0.0,1.0
347,2,2,3,2,1,0,0,5.0,0.2499216887384565,0.012173322236869843,0.7500783112615435,1.5,3,0.5,0.0,0.5
348,2,2,3,2,0,1,1,2.0,0.7500783112615435,0.9878266777631302,0.2499216887384565,1.5,3,0.3333333333333333,1.0,0.3333333333333333
349,2,2,3,2,0,1,0,4.0,0.7500783112615435,0.9878266777631302,0.7500783112615435,1.5,3,0.5,0.5,0.5
350,2,2,3,2,0,0,1,5.0,0.7500783112615435,0.012173322236869843,0.2499216887384565,1.5,3,0.5,0.0,0.5
351,2,2,3,2,0,0,0,0.0,0.7500783112615435,0.012173322236869843,0.7500783112615435,1.5,3,1.0,0.0,1.0
352,2,2,3,3,1,1,1,0.0,0.0031775514148746358,0.9951942658465128,0.9951942658465128,1.5,3,0.0,0.5,0.5
353,2,2,3,3,1,1,0,3.0,0.0031775514148746358,0.9951942658465128,0.004805734153487043,1.5,3,0.0,1.0,0.0
354,2,2,3,3,1,0,1,3.0,0.0031775514148746358,0.004805734153487043,0.9951942658465128,1.5,3,0.0,0.0,1.0
355,2,2,3,3,1,0,0,6.0,0.0031775514148746358,0.004805734153487043,0.004805734153487043,1.5,3,0.0,0.0,0.0
356,2,2,3,3,0,1,1,2.0,0.9968224485851254,0.9951942658465128,0.9951942658465128,1.5,3,0.3333333333333333,0.3333333333333333,0.3333333333333333
357,2,2,3,3,0,1,0,5.0,0.9968224485851254,0.9951942658465128,0.004805734153487043,1.5,3,0.5,0.5,0.0
358,2,2,3,3,0,0,1,5.0,0.9968224485851254,0.004805734153487043,0.9951942658465128,1.5,3,0.5,0.0,0.5
359,2,2,3,3,0,0,0,0.0,0.9968224485851254,0.004805734153487043,0.004805734153487043,1.5,3,1.0,0.0,0.0
360,2,3,1,1,1,1,1,0.0,0.4963057584232722,0.4066300654692315,0.4066300654692315,1.5,3,1.0,0.0,0.0
361,2,3,1,1,1,1,0,1.0,0.4963057584232722,0.4066300654692315,0.5933699345307685,1.5,3,0.5,0.0,0.5
362,2,3,1,1,1,0,1,1.0,0.4963057584232722,0.5933699345307685,0.4066300654692315,1.5,3,0.5,0.5,0.0
363,2,3,1,1,1,0,0,2.0,0.4963057584232722,0.5933699345307685,0.5933699345307685,1.5,3,0.3333333333333333,0.3333333333333333,0.3333333333333333
364,2,3,1,1,0,1,1,3.0,0.5036942415767278,0.4066300654692315,0.4066300654692315,1.5,3,0.0,0.0,0.0
365,2,3,1,1,0,1,0,0.0,0.5036942415767278,0.4066300654692315,0.5933699345307685,1.5,3,0.0,0.0,1.0
366,2,3,1,1,0,0,1,0.0,0.5036942415767278,0.5933699345307685,0.4066300654692315,1.5,3,0.0,1.0,0.0
367,2,3,1,1,0,0,0,0.0,0.5036942415767278,0.5933699345307685,0.5933699345307685,1.5,3,0.0,0.5,0.5
368,2,3,1,2,1,1,1,0.0,0.9487015576729994,0.9357819062572847,0.030715011954147494,1.5,3,0.5,0.5,0.0
369,2,3,1,2,1,1,0,2.0,0.9487015576729994,0.9357819062572847,0.9692849880458524,1.5,3,0.3333333333333333,0.3333333333333333,0.3333333333333333
370,2,3,1,2,1,0,1,1.0,0.9487015576729994,0.06421809374271524,0.030715011954147494,1.5,3,1.0,0.0,0.0
371,2,3,1,2,1,0,0,3.0,0.9487015576729994,0.06421809374271524,0.9692849880458524,1.5,3,0.5,0.0,0.5
372,2,3,1,2,0,1,1,3.0,0.051298442327000614,0.9357819062572847,0.030715011954147494,1.5,3,0.0,1.0,0.0
373,2,3,1,2,0,1,0,0.0,0.051298442327000614,0.9357819062572847,0.9692849880458524,1.5,3,0.0,0.5,0.5
374,2,3,1,2,0,0,1,4.0,0.051298442327000614,0.06421809374271524,0.030715011954147494,1.5,3,0.0,0.0,0.0
375,2,3,1,2,0,0,0,0.0,0.051298442327000614,0.06421809374271524,0.9692849880458524,1.5,3,0.0,0.0,1.0
376,2,3,1,3,1,1,1,0.0,0.4037398279319737,0.9078441530038498,0.4037398279319737,1.5,3,0.5,0.5,0.5
377,2,3,1,3,1,1,0,3.0,0.4037398279319737,0.9078441530038498,0.5962601720680263,1.5,3,0.3333333333333333,1.0,0.3333333333333333
378,2,3,1,3,1,0,1,1.0,0.4037398279319737,0.09215584699615018,0.4037398279319737,1.5,3,1.0,0.0,1.0
379,2,3,1,3,1,0,0,4.0,0.4037398279319737,0.09215584699615018,0.5962601720680263,1.5,3,0.5,0.0,0.5
380,2,3,1,3,0,1,1,3.0,0.5962601720680263,0.9078441530038498,0.4037398279319737,1.5,3,0.3333333333333333,1.0,0.3333333333333333
381,2,3,1,3,0,1,0,0.0,0.5962601720680263,0.9078441530038498,0.5962601720680263,1.5,3,0.5,0.5,0.5
382,2,3,1,3,0,0,1,4.0,0.5962601720680263,0.09215584699615018,0.4037398279319737,1.5,3,0.5,0.0,0.5
383,2,3,1,3,0,0,0,0.0,0.5962601720680263,0.09215584699615018,0.5962601720680263,1.5,3,1.0,0.0,1.0
384,2,3,2,1,1,1,1,0.0,0.9487015576729994,0.030715011954147494,0.9357819062572847,1.5,3,0.5,0.0,0.5
385,2,3,2,1,1,1,0,1.0,0.9487015576729994,0.030715011954147494,0.06421809374271524,1.5,3,1.0,0.0,0.0
386,2,3,2,1,1,0,1,2.0,0.9487015576729994,0.9692849880458524,0.9357819062572847,1.5,3,0.3333333333333333,0.3333333333333333,0.3333333333333333
387,2,3,2,1,1,0,0,3.0,0.9487015576729994,0.9692849880458524,0.06421809374271524,1.5,3,0.5,0.5,0.0
388,2,3,2,1,0,1,1,3.0,0.051298442327000614,0.030715011954147494,0.9357819062572847,1.5,3,0.0,0.0,1.0
389,2,3,2,1,0,1,0,4.0,0.051298442327000614,0.030715011954147494,0.06421809374271524,1.5,3,0.0,0.0,0.0
390,2,3,2,1,0,0,1,0.0,0.051298442327000614,0.9692849880458524,0.9357819062572847,1.5,3,0.0,0.5,0.5
391,2,3,2,1,0,0,0,0.0,0.051298442327000614,0.9692849880458524,0.06421809374271524,1.5,3,0.0,1.0,0.0
392,2,3,2,2,1,1,1,0.0,0.9878266777631302,0.2499216887384565,0.2499216887384565,1.5,3,0.5,0.5,0.5
393,2,3,2,2,1,1,0,2.0,0.9878266777631302,0.2499216887384565,0.7500783112615435,1.5,3,1.0,0.3333333333333333,0.3333333333333333
394,2,3,2,2,1,0,1,2.0,0.9878266777631302,0.7500783112615435,0.2499216887384565,1.5,3,1.0,0.3333333333333333,0.3333333333333333
395,2,3,2,2,1,0,0,4.0,0.9878266777631302,0.7500783112615435,0.7500783112615435,1.5,3,0.5,0.5,0.5
396,2,3,2,2,0,1,1,3.0,0.012173322236869843,0.2499216887384565,0.2499216887384565,1.5,3,0.0,1.0,1.0
397,2,3,2,2,0,1,0,5.0,0.012173322236869843,0.2499216887384565,0.7500783112615435,1.5,3,0.0,0.5,0.5
398,2,3,2,2,0,0,1,5.0,0.012173322236869843,0.7500783112615435,0.2499216887384565,1.5,3,0.0,0.5,0.5
399,2,3,2,2,0,0,0,0.0,0.012173322236869843,0.7500783112615435,0.7500783112615435,1.5,3,0.0,1.0,1.0
400,2,3,2,3,1,1,1,0.0,0.9951942658465128,0.0031775514148746358,0.9951942658465128,1.5,3,0.5,0.0,0.5
401,2,3,2,3,1,1,0,3.0,0.9951942658465128,0.0031775514148746358,0.004805734153487043,1.5,3,1.0,0.0,0.0
402,2,3,2,3,1,0,1,2.0,0.9951942658465128,0.9968224485851254,0.9951942658465128,1.5,3,0.3333333333333333,0.3333333333333333,0.3333333333333333
403,2,3,2,3,1,0,0,5.0,0.9951942658465128,0.9968224485851254,0.004805734153487043,1.5,3,0.5,0.5,0.0
404,2,3,2,3,0,1,1,3.0,0.004805734153487043,0.0031775514148746358,0.9951942658465128,1.5,3,0.0,0.0,1.0
405,2,3,2,3,0,1,0,6.0,0.004805734153487043,0.0031775514148746358,0.004805734153487043,1.5,3,0.0,0.0,0.0
406,2,3,2,3,0,0,1,5.0,0.004805734153487043,0.9968224485851254,0.9951942658465128,1.5,3,0.0,0.5,0.5
407,2,3,2,3,0,0,0,0.0,0.004805734153487043,0.9968224485851254,0.004805734153487043,1.5,3,0.0,1.0,0.0
408,2,3,3,1,1,1,1,0.0,0.4037398279319737,0.4037398279319737,0.90784415300385,1.5,3,0.5,0.5,0.5
409,2,3,3,1,1,1,0,1.0,0.4037398279319737,0.4037398279319737,0.09215584699615012,1.5,3,1.0,1.0,0.0
410,2,3,3,1,1,0,1,3.0,0.4037398279319737,0.5962601720680263,0.90784415300385,1.5,3,0.3333333333333333,0.3333333333333333,1.0
411,2,3,3,1,1,0,0,4.0,0.4037398279319737,0.5962601720680263,0.09215584699615012,1.5,3,0.5,0.5,0.0
412,2,3,3,1,0,1,1,3.0,0.5962601720680263,0.4037398279319737,0.90784415300385,1.5,3,0.3333333333333333,0.3333333333333333,1.0
413,2,3,3,1,0,1,0,4.0,0.5962601720680263,0.4037398279319737,0.09215584699615012,1.5,3,0.5,0.5,0.0
414,2,3,3,1,0,0,1,0.0,0.5962601720680263,0.5962601720680263,0.90784415300385,1.5,3,0.5,0.5,0.5
415,2,3,3,1,0,0,0,0.0,0.5962601720680263,0.5962601720680263,0.09215584699615012,1.5,3,1.0,1.0,0.0
416,2,3,3,2,1,1,1,0.0,0.9951942658465128,0.9951942658465128,0.0031775514148746358,1.5,3,0.5,0.5,0.0
417,2,3,3,2,1,1,0,2.0,0.9951942658465128,0.9951942658465128,0.9968224485851254,1.5,3,0.3333333333333333,0.3333333333333333,0.3333333333333333
418,2,3,3,2,1,0,1,3.0,0.9951942658465128,0.004805734153487043,0.0031775514148746358,1.5,3,1.0,0.0,0.0
419,2,3,3,2,1,0,0,5.0,0.9951942658465128,0.004805734153487043,0.9968224485851254,1.5,3,0.5,0.0,0.5
420,2,3,3,2,0,1,1,3.0,0.004805734153487043,0.9951942658465128,0.0031775514148746358,1.5,3,0.0,1.0,0.0
421,2,3,3,2,0,1,0,5.0,0.004805734153487043,0.9951942658465128,0.9968224485851254,1.5,3,0.0,0.5,0.5
422,2,3,3,2,0,0,1,6.0,0.004805734153487043,0.004805734153487043,0.0031775514148746358,1.5,3,0.0,0.0,0.0
423,2,3,3,2,0,0,0,0.0,0.004805734153487043,0.004805734153487043,0.9968224485851254,1.5,3,0.0,0.0,1.0
424,2,3,3,3,1,1,1,0.0,0.7412831673229282,0.7412831673229282,0.7412831673229282,1.5,3,0.5,0.5,0.5
425,2,3,3,3,1,1,0,3.0,0.7412831673229282,0.7412831673229282,0.2587168326770718,1.5,3,1.0,1.0,0.3333333333333333
426,2,3,3,3,1,0,1,3.0,0.7412831673229282,0.2587168326770718,0.7412831673229282,1.5,3,1.0,0.3333333333333333,1.0
427,2,3,3,3,1,0,0,6.0,0.7412831673229282,0.2587168326770718,0.2587168326770718,1.5,3,0.5,0.5,0.5
428,2,3,3,3,0,1,1,3.0,0.2587168326770718,0.7412831673229282,0.7412831673229282,1.5,3,0.3333333333333333,1.0,1.0
429,2,3,3,3,0,1,0,6.0,0.2587168326770718,0.7412831673229282,0.2587168326770718,1.5,3,0.5,0.5,0.5
430,2,3,3,3,0,0,1,6.0,0.2587168326770718,0.2587168326770718,0.7412831673229282,1.5,3,0.5,0.5,0.5
431,2,3,3,3,0,0,0,0.0,0.2587168326770718,0.2587168326770718,0.2587168326770718,1.5,3,1.0,1.0,1.0
432,3,1,1,1,1,1,1,0.0,0.5,0.5,0.5,1.5,3,0.0,0.0,0.0
433,3,1,1,1,1,1,0,0.0,0.5,0.5,0.5,1.5,3,0.0,0.0,0.0
434,3,1,1,1,1,0,1,0.0,0.5,0.5,0.5,1.5,3,0.0,0.0,0.0
435,3,1,1,1,1,0,0,0.0,0.5,0.5,0.5,1.5,3,0.0,0.0,0.0
436,3,1,1,1,0,1,1,0.0,0.5,0.5,0.5,1.5,3,0.0,0.0,0.0
437,3,1,1,1,0,1,0,0.0,0.5,0.5,0.5,1.5,3,0.0,0.0,0.0
438,3,1,1,1,0,0,1,0.0,0.5,0.5,0.5,1.5,3,0.0,0.0,0.0
439,3,1,1,1,0,0,0,0.0,0.5,0.5,0.5,1.5,3,0.0,0.0,0.0
440,3,1,1,2,1,1,1,0.0,0.5,0.5,0.3876982071662651,1.5,3,1.0,1.0,0.0
441,3,1,1,2,1,1,0,0.0,0.5,0.5,0.6123017928337349,1.5,3,0.5,0.5,0.5
442,3,1,1,2,1,0,1,1.0,0.5,0.5,0.3876982071662651,1.5,3,0.5,0.5,0.0
443,3,1,1,2,1,0,0,0.0,0.5,0.5,0.6123017928337349,1.5,3,0.3333333333333333,0.3333333333333333,1.0
444,3,1,1,2,0,1,1,1.0,0.5,0.5,0.3876982071662651,1.5,3,0.5,0.5,0.0
445,3,1,1,2,0,1,0,0.0,0.5,0.5,0.6123017928337349,1.5,3,0.3333333333333333,0.3333333333333333,1.0
446,3,1,1,2,0,0,1,0.0,0.5,0.5,0.3876982071662651,1.5,3,1.0,1.0,0.0
447,3,1,1,2,0,0,0,0.0,0.5,0.5,0.6123017928337349,1.5,3,0.5,0.5,0.5
448,3,1,1,3,1,1,1,0.0,0.7392205222919269,0.7392205222919269,0.17490318843078922,1.5,3,0.5,0.5,0.0
449,3,1,1,3,1,1,0,0.0,0.7392205222919269,0.7392205222919269,0.8250968115692108,1.5,3,0.3333333333333333,0.3333333333333333,0.3333333333333333
450,3,1,1,3,1,0,1,1.0,0.7392205222919269,0.2607794777080731,0.17490318843078922,1.5,3,1.0,0.0,0.0
451,3,1,1,3,1,0,0,0.0,0.7392205222919269,0.2607794777080731,0.8250968115692108,1.5,3,0.5,0.0,0.5
452,3,1,1,3,0,1,1,1.0,0.2607794777080731,0.7392205222919269,0.17490318843078922,1.5,3,0.0,1.0,0.0
453,3,1,1,3,0,1,0,0.0,0.2607794777080731,0.7392205222919269,0.8250968115692108,1.5,3,0.0,0.5,0.5
454,3,1,1,3,0,0,1,2.0,0.2607794777080731,0.2607794777080731,0.17490318843078922,1.5,3,0.0,0.0,0.0
455,3,1,1,3,0,0,0,0.0,0.2607794777080731,0.2607794777080731,0.8250968115692108,1.5,3,0.0,0.0,1.0
456,3,1,2,1,1,1,1,0.0,0.5,0.3876982071662651,0.5,1.5,3,1.0,0.0,1.0
457,3,1,2,1,1,1,0,1.0,0.5,0.3876982071662651,0.5,1.5,3,0.5,0.0,0.5
458,3,1,2,1,1,0,1,0.0,0.5,0.6123017928337349,0.5,1.5,3,0.5,0.5,0.5
459,3,1,2,1,1,0,0,0.0,0.5,0.6123017928337349,0.5,1.5,3,0.3333333333333333,1.0,0.3333333333333333
460,3,1,2,1,0,1,1,1.0,0.5,0.3876982071662651,0.5,1.5,3,0.5,0.0,0.5
461,3,1,2,1,0,1,0,0.0,0.5,0.3876982071662651,0.5,1.5,3,1.0,0.0,1.0
462,3,1,2,1,0,0,1,0.0,0.5,0.6123017928337349,0.5,1.5,3,0.3333333333333333,1.0,0.3333333333333333
463,3,1,2,1,0,0,0,0.0,0.5,0.6123017928337349,0.5,1.5,3,0.5,0.5,0.5
464,3,1,2,2,1,1,1,0.0,0.29197768987230377,0.4657118334684451,0.4657118334684451,1.5,3,0.0,1.0,1.0
465,3,1,2,2,1,1,0,2.0,0.29197768987230377,0.4657118334684451,0.5342881665315549,1.5,3,0.0,0.5,0.5
466,3,1,2,2,1,0,1,2.0,0.29197768987230377,0.5342881665315549,0.4657118334684451,1.5,3,0.0,0.5,0.5
467,3,1,2,2,1,0,0,0.0,0.29197768987230377,0.5342881665315549,0.5342881665315549,1.5,3,0.0,1.0,1.0
468,3,1,2,2,0,1,1,1.0,0.7080223101276962,0.4657118334684451,0.4657118334684451,1.5,3,0.5,0.5,0.5
469,3,1,2,2,0,1,0,0.0,0.7080223101276962,0.4657118334684451,0.5342881665315549,1.5,3,1.0,0.3333333333333333,0.3333333333333333
470,3,1,2,2,0,0,1,0.0,0.7080223101276962,0.5342881665315549,0.4657118334684451,1.5,3,1.0,0.3333333333333333,0.3333333333333333
471,3,1,2,2,0,0,0,0.0,0.7080223101276962,0.5342881665315549,0.5342881665315549,1.5,3,0.5,0.5,0.5
472,3,1,2,3,1,1,1,0.0,0.5716860792938006,0.8117782149644464,0.13891655748270526,1.5,3,0.5,0.5,1.0
473,3,1,2,3,1,1,0,3.0,0.5716860792938006,0.8117782149644464,0.8610834425172947,1.5,3,0.3333333333333333,0.3333333333333333,0.3333333333333333
474,3,1,2,3,1,0,1,2.0,0.5716860792938006,0.1882217850355536,0.13891655748270526,1.5,3,1.0,0.5,0.5
475,3,1,2,3,1,0,0,0.0,0.5716860792938006,0.1882217850355536,0.8610834425172947,1.5,3,0.5,1.0,0.5
476,3,1,2,3,0,1,1,1.0,0.4283139207061995,0.8117782149644464,0.13891655748270526,1.5,3,0.5,1.0,0.5
477,3,1,2,3,0,1,0,0.0,0.4283139207061995,0.8117782149644464,0.8610834425172947,1.5,3,1.0,0.5,0.5
478,3,1,2,3,0,0,1,3.0,0.4283139207061995,0.1882217850355536,0.13891655748270526,1.5,3,0.3333333333333333,0.3333333333333333,0.3333333333333333
479,3,1,2,3,0,0,0,0.0,0.4283139207061995,0.1882217850355536,0.8610834425172947,1.5,3,0.5,0.5,1.0
480,3,1,3,1,1,1,1,0.0,0.7392205222919269,0.17490318843078922,0.7392205222919269,1.5,3,0.5,0.0,0.5
481,3,1,3,1,1,1,0,1.0,0.7392205222919269,0.17490318843078922,0.2607794777080731,1.5,3,1.0,0.0,0.0
482,3,1,3,1,1,0,1,0.0,0.7392205222919269,0.8250968115692108,0.7392205222919269,1.5,3,0.3333333333333333,0.3333333333333333,0.3333333333333333
483,3,1,3,1,1,0,0,0.0,0.7392205222919269,0.8250968115692108,0.2607794777080731,1.5,3,0.5,0.5,0.0
484,3,1,3,1,0,1,1,1.0,0.2607794777080731,0.17490318843078922,0.7392205222919269,1.5,3,0.0,0.0,1.0
485,3,1,3,1,0,1,0,2.0,0.2607794777080731,0.17490318843078922,0.2607794777080731,1.5,3,0.0,0.0,0.0
486,3,1,3,1,0,0,1,0.0,0.2607794777080731,0.8250968115692108,0.7392205222919269,1.5,3,0.0,0.5,0.5
487,3,1,3,1,0,0,0,0.0,0.2607794777080731,0.8250968115692108,0.2607794777080731,1.5,3,0.0,1.0,0.0
488,3,1,3,2,1,1,1,0.0,0.5716860792938004,0.13891655748270526,0.8117782149644464,1.5,3,0.5,1.0,0.5
489,3,1,3,2,1,1,0,2.0,0.5716860792938004,0.13891655748270526,0.1882217850355537,1.5,3,1.0,0.5,0.5
490,3,1,3,2,1,0,1,3.0,0.5716860792938004,0.8610834425172947,0.8117782149644464,1.5,3,0.3333333333333333,0.3333333333333333,0.3333333333333333
491,3,1,3,2,1,0,0,0.0,0.5716860792938004,0.8610834425172947,0.1882217850355537,1.5,3,0.5,0.5,1.0
492,3,1,3,2,0,1,1,1.0,0.4283139207061996,0.13891655748270526,0.8117782149644464,1.5,3,0.5,0.5,1.0
493,3,1,3,2,0,1,0,3.0,0.4283139207061996,0.13891655748270526,0.1882217850355537,1.5,3,0.3333333333333333,0.3333333333333333,0.3333333333333333
494,3,1,3,2,0,0,1,0.0,0.4283139207061996,0.8610834425172947,0.8117782149644464,1.5,3,1.0,0.5,0.5
495,3,1,3,2,0,0,0,0.0,0.4283139207061996,0.8610834425172947,0.1882217850355537,1.5,3,0.5,1.0,0.5
496,3,1,3,3,1,1,1,0.0,0.9078441530038498,0.4037398279319737,0.4037398279319737,1.5,3,0.5,0.5,0.5
497,3,1,3,3,1,1,0,3.0,0.9078441530038498,0.4037398279319737,0.5962601720680263,1.5,3,1.0,0.3333333333333333,0.3333333333333333
498,3,1,3,3,1,0,1,3.0,0.9078441530038498,0.5962601720680263,0.4037398279319737,1.5,3,1.0,0.3333333333333333,0.3333333333333333
499,3,1,3,3,1,0,0,0.0,0.9078441530038498,0.5962601720680263,0.5962601720680263,1.5,3,0.5,0.5,0.5
500,3,1,3,3,0,1,1,1.0,0.09215584699615018,0.4037398279319737,0.4037398279319737,1.5,3,0.0,1.0,1.0
501,3,1,3,3,0,1,0,4.0,0.09215584699615018,0.4037398279319737,0.5962601720680263,1.5,3,0.0,0.5,0.5
502,3,1,3,3,0,0,1,4.0,0.09215584699615018,0.5962601720680263,0.4037398279319737,1.5,3,0.0,0.5,0.5
503,3,1,3,3,0,0,0,0.0,0.09215584699615018,0.5962601720680263,0.5962601720680263,1.5,3,0.0,1.0,1.0
504,3,2,1,1,1,1,1,0.0,0.3876982071662651,0.5,0.5,1.5,3,0.0,1.0,1.0
505,3,2,1,1,1,1,0,1.0,0.3876982071662651,0.5,0.5,1.5,3,0.0,0.5,0.5
506,3,2,1,1,1,0,1,1.0,0.3876982071662651,0.5,0.5,1.5,3,0.0,0.5,0.5
507,3,2,1,1,1,0,0,0.0,0.3876982071662651,0.5,0.5,1.5,3,0.0,1.0,1.0
508,3,2,1,1,0,1,1,0.0,0.6123017928337349,0.5,0.5,1.5,3,0.5,0.5,0.5
509,3,2,1,1,0,1,0,0.0,0.6123017928337349,0.5,0.5,1.5,3,1.0,0.3333333333333333,0.3333333333333333
510,3,2,1,1,0,0,1,0.0,0.6123017928337349,0.5,0.5,1.5,3,1.0,0.3333333333333333,0.3333333333333333
511,3,2,1,1,0,0,0,0.0,0.6123017928337349,0.5,0.5,1.5,3,0.5,0.5,0.5
512,3,2,1,2,1,1,1,0.0,0.4657118334684451,0.29197768987230377,0.4657118334684451,1.5,3,1.0,0.0,1.0
513,3,2,1,2,1,1,0,2.0,0.4657118334684451,0.29197768987230377,0.5342881665315549,1.5,3,0.5,0.0,0.5
514,3,2,1,2,1,0,1,1.0,0.4657118334684451,0.7080223101276962,0.4657118334684451,1.5,3,0.5,0.5,0.5
515,3,2,1,2,1,0,0,0.0,0.4657118334684451,0.7080223101276962,0.5342881665315549,1.5,3,0.3333333333333333,1.0,0.3333333333333333
516,3,2,1,2,0,1,1,2.0,0.5342881665315549,0.29197768987230377,0.4657118334684451,1.5,3,0.5,0.0,0.5
517,3,2,1,2,0,1,0,0.0,0.5342881665315549,0.29197768987230377,0.5342881665315549,1.5,3,1.0,0.0,1.0
518,3,2,1,2,0,0,1,0.0,0.5342881665315549,0.7080223101276962,0.4657118334684451,1.5,3,0.3333333333333333,1.0,0.3333333333333333
519,3,2,1,2,0,0,0,0.0,0.5342881665315549,0.7080223101276962,0.5342881665315549,1.5,3,0.5,0.5,0.5
520,3,2,1,3,1,1,1,0.0,0.8117782149644464,0.5716860792938006,0.13891655748270526,1.5,3,0.5,0.5,1.0
521,3,2,1,3,1,1,0,3.0,0.8117782149644464,0.5716860792938006,0.8610834425172947,1.5,3,0.3333333333333333,0.3333333333333333,0.3333333333333333
522,3,2,1,3,1,0,1,1.0,0.8117782149644464,0.4283139207061995,0.13891655748270526,1.5,3,1.0,0.5,0.5
523,3,2,1,3,1,0,0,0.0,0.8117782149644464,0.4283139207061995,0.8610834425172947,1.5,3,0.5,1.0,0.5
524,3,2,1,3,0,1,1,2.0,0.1882217850355536,0.5716860792938006,0.13891655748270526,1.5,3,0.5,1.0,0.5
525,3,2,1,3,0,1,0,0.0,0.1882217850355536,0.5716860792938006,0.8610834425172947,1.5,3,1.0,0.5,0.5
526,3,2,1,3,0,0,1,3.0,0.1882217850355536,0.4283139207061995,0.13891655748270526,1.5,3,0.3333333333333333,0.3333333333333333,0.3333333333333333
527,3,2,1,3,0,0,0,0.0,0.1882217850355536,0.4283139207061995,0.8610834425172947,1.5,3,0.5,0.5,1.0
528,3,2,2,1,1,1,1,0.0,0.4657118334684451,0.4657118334684451,0.29197768987230377,1.5,3,1.0,1.0,0.0
529,3,2,2,1,1,1,0,1.0,0.4657118334684451,0.4657118334684451,0.7080223101276962,1.5,3,0.5,0.5,0.5
530,3,2,2,1,1,0,1,2.0,0.4657118334684451,0.5342881665315549,0.29197768987230377,1.5,3,0.5,0.5,0.0
531,3,2,2,1,1,0,0,0.0,0.4657118334684451,0.5342881665315549,0.7080223101276962,1.5,3,0.3333333333333333,0.3333333333333333,1.0
532,3,2,2,1,0,1,1,2.0,0.5342881665315549,0.4657118334684451,0.29197768987230377,1.5,3,0.5,0.5,0.0
533,3,2,2,1,0,1,0,0.0,0.5342881665315549,0.4657118334684451,0.7080223101276962,1.5,3,0.3333333333333333,0.3333333333333333,1.0
534,3,2,2,1,0,0,1,0.0,0.5342881665315549,0.5342881665315549,0.29197768987230377,1.5,3,1.0,1.0,0.0
535,3,2,2,1,0,0,0,0.0,0.5342881665315549,0.5342881665315549,0.7080223101276962,1.5,3,0.5,0.5,0.5
536,3,2,2,2,1,1,1,0.0,0.39317867473796375,0.39317867473796375,0.39317867473796375,1.5,3,1.0,1.0,1.0
537,3,2,2,2,1,1,0,2.0,0.39317867473796375,0.39317867473796375,0.6068213252620362,1.5,3,0.5,0.5,0.5
538,3,2,2,2,1,0,1,2.0,0.39317867473796375,0.6068213252620362,0.39317867473796375,1.5,3,0.5,0.5,0.5
539,3,2,2,2,1,0,0,0.0,0.39317867473796375,0.6068213252620362,0.6068213252620362,1.5,3,0.3333333333333333,1.0,1.0
540,3,2,2,2,0,1,1,2.0,0.6068213252620362,0.39317867473796375,0.39317867473796375,1.5,3,0.5,0.5,0.5
541,3,2,2,2,0,1,0,0.0,0.6068213252620362,0.39317867473796375,0.6068213252620362,1.5,3,1.0,0.3333333333333333,1.0
542,3,2,2,2,0,0,1,0.0,0.6068213252620362,0.6068213252620362,0.39317867473796375,1.5,3,1.0,1.0,0.3333333333333333
543,3,2,2,2,0,0,0,0.0,0.6068213252620362,0.6068213252620362,0.6068213252620362,1.5,3,0.5,0.5,0.5
544,3,2,2,3,1,1,1,0.0,0.9461256060061832,0.9461256060061832,0.01979420921316744,1.5,3,0.5,0.5,0.0
545,3,2,2,3,1,1,0,3.0,0.9461256060061832,0.9461256060061832,0.9802057907868326,1.5,3,0.3333333333333333,0.3333333333333333,0.3333333333333333
546,3,2,2,3,1,0,1,2.0,0.9461256060061832,0.053874393993816785,0.01979420921316744,1.5,3,1.0,0.0,0.0
547,3,2,2,3,1,0,0,0.0,0.9461256060061832,0.053874393993816785,0.9802057907868326,1.5,3,0.5,0.0,0.5
548,3,2,2,3,0,1,1,2.0,0.053874393993816785,0.9461256060061832,0.01979420921316744,1.5,3,0.0,1.0,0.0
549,3,2,2,3,0,1,0,0.0,0.053874393993816785,0.9461256060061832,0.9802057907868326,1.5,3,0.0,0.5,0.5
550,3,2,2,3,0,0,1,4.0,0.053874393993816785,0.053874393993816785,0.01979420921316744,1.5,3,0.0,0.0,0.0
551,3,2,2,3,0,0,0,0.0,0.053874393993816785,0.053874393993816785,0.9802057907868326,1.5,3,0.0,0.0,1.0
552,3,2,3,1,1,1,1,0.0,0.8117782149644464,0.13891655748270526,0.5716860792938006,1.5,3,0.5,1.0,0.5
553,3,2,3,1,1,1,0,1.0,0.8117782149644464,0.13891655748270526,0.4283139207061995,1.5,3,1.0,0.5,0.5
554,3,2,3,1,1,0,1,3.0,0.8117782149644464,0.8610834425172947,0.5716860792938006,1.5,3,0.3333333333333333,0.3333333333333333,0.3333333333333333
555,3,2,3,1,1,0,0,0.0,0.8117782149644464,0.8610834425172947,0.4283139207061995,1.5,3,0.5,0.5,1.0
556,3,2,3,1,0,1,1,2.0,0.1882217850355536,0.13891655748270526,0.5716860792938006,1.5,3,0.5,0.5,1.0
557,3,2,3,1,0,1,0,3.0,0.1882217850355536,0.13891655748270526,0.4283139207061995,1.5,3,0.3333333333333333,0.3333333333333333,0.3333333333333333
558,3,2,3,1,0,0,1,0.0,0.1882217850355536,0.8610834425172947,0.5716860792938006,1.5,3,1.0,0.5,0.5
559,3,2,3,1,0,0,0,0.0,0.1882217850355536,0.8610834425172947,0.4283139207061995,1.5,3,0.5,1.0,0.5
560,3,2,3,2,1,1,1,0.0,0.9461256060061832,0.01979420921316744,0.9461256060061832,1.5,3,0.5,0.0,0.5
561,3,2,3,2,1,1,0,2.0,0.9461256060061832,0.01979420921316744,0.053874393993816785,1.5,3,1.0,0.0,0.0
562,3,2,3,2,1,0,1,3.0,0.9461256060061832,0.9802057907868326,0.9461256060061832,1.5,3,0.3333333333333333,0.3333333333333333,0.3333333333333333
563,3,2,3,2,1,0,0,0.0,0.9461256060061832,0.9802057907868326,0.053874393993816785,1.5,3,0.5,0.5,0.0
564,3,2,3,2,0,1,1,2.0,0.053874393993816785,0.01979420921316744,0.9461256060061832,1.5,3,0.0,0.0,1.0
565,3,2,3,2,0,1,0,4.0,0.053874393993816785,0.01979420921316744,0.053874393993816785,1.5,3,0.0,0.0,0.0
566,3,2,3,2,0,0,1,0.0,0.053874393993816785,0.9802057907868326,0.9461256060061832,1.5,3,0.0,0.5,0.5
567,3,2,3,2,0,0,0,0.0,0.053874393993816785,0.9802057907868326,0.053874393993816785,1.5,3,0.0,1.0,0.0
568,3,2,3,3,1,1,1,0.0,0.9869510407848362,0.20481765559810028,0.20481765559810028,1.5,3,0.5,0.5,0.5
569,3,2,3,3,1,1,0,3.0,0.9869510407848362,0.20481765559810028,0.7951823444018997,1.5,3,1.0,0.3333333333333333,0.3333333333333333
570,3,2,3,3,1,0,1,3.0,0.9869510407848362,0.7951823444018997,0.20481765559810028,1.5,3,1.0,0.3333333333333333,0.3333333333333333
571,3,2,3,3,1,0,0,0.0,0.9869510407848362,0.7951823444018997,0.7951823444018997,1.5,3,0.5,0.5,0.5
572,3,2,3,3,0,1,1,2.0,0.013048959215163794,0.20481765559810028,0.20481765559810028,1.5,3,0.0,1.0,1.0
573,3,2,3,3,0,1,0,5.0,0.013048959215163794,0.20481765559810028,0.7951823444018997,1.5,3,0.0,0.5,0.5
574,3,2,3,3,0,0,1,5.0,0.013048959215163794,0.7951823444018997,0.20481765559810028,1.5,3,0.0,0.5,0.5
575,3,2,3,3,0,0,0,0.0,0.013048959215163794,0.7951823444018997,0.7951823444018997,1.5,3,0.0,1.0,1.0
576,3,3,1,1,1,1,1,0.0,0.17490318843078922,0.7392205222919269,0.7392205222919269,1.5,3,0.0,0.5,0.5
577,3,3,1,1,1,1,0,1.0,0.17490318843078922,0.7392205222919269,0.2607794777080731,1.5,3,0.0,1.0,0.0
578,3,3,1,1,1,0,1,1.0,0.17490318843078922,0.2607794777080731,0.7392205222919269,1.5,3,0.0,0.0,1.0
579,3,3,1,1,1,0,0,2.0,0.17490318843078922,0.2607794777080731,0.2607794777080731,1.5,3,0.0,0.0,0.0
580,3,3,1,1,0,1,1,0.0,0.8250968115692108,0.7392205222919269,0.7392205222919269,1.5,3,0.3333333333333333,0.3333333333333333,0.3333333333333333
581,3,3,1,1,0,1,0,0.0,0.8250968115692108,0.7392205222919269,0.2607794777080731,1.5,3,0.5,0.5,0.0
582,3,3,1,1,0,0,1,0.0,0.8250968115692108,0.2607794777080731,0.7392205222919269,1.5,3,0.5,0.0,0.5
583,3,3,1,1,0,0,0,0.0,0.8250968115692108,0.2607794777080731,0.2607794777080731,1.5,3,1.0,0.0,0.0
584,3,3,1,2,1,1,1,0.0,0.13891655748270526,0.5716860792938004,0.8117782149644464,1.5,3,1.0,0.5,0.5
585,3,3,1,2,1,1,0,2.0,0.13891655748270526,0.5716860792938004,0.1882217850355537,1.5,3,0.5,1.0,0.5
586,3,3,1,2,1,0,1,1.0,0.13891655748270526,0.4283139207061996,0.8117782149644464,1.5,3,0.5,0.5,1.0
587,3,3,1,2,1,0,0,3.0,0.13891655748270526,0.4283139207061996,0.1882217850355537,1.5,3,0.3333333333333333,0.3333333333333333,0.3333333333333333
588,3,3,1,2,0,1,1,3.0,0.8610834425172947,0.5716860792938004,0.8117782149644464,1.5,3,0.3333333333333333,0.3333333333333333,0.3333333333333333
589,3,3,1,2,0,1,0,0.0,0.8610834425172947,0.5716860792938004,0.1882217850355537,1.5,3,0.5,0.5,1.0
590,3,3,1,2,0,0,1,0.0,0.8610834425172947,0.4283139207061996,0.8117782149644464,1.5,3,0.5,1.0,0.5
591,3,3,1,2,0,0,0,0.0,0.8610834425172947,0.4283139207061996,0.1882217850355537,1.5,3,1.0,0.5,0.5
592,3,3,1,3,1,1,1,0.0,0.4037398279319737,0.9078441530038498,0.4037398279319737,1.5,3,0.5,0.5,0.5
593,3,3,1,3,1,1,0,3.0,0.4037398279319737,0.9078441530038498,0.5962601720680263,1.5,3,0.3333333333333333,1.0,0.3333333333333333
594,3,3,1,3,1,0,1,1.0,0.4037398279319737,0.09215584699615018,0.4037398279319737,1.5,3,1.0,0.0,1.0
595,3,3,1,3,1,0,0,4.0,0.4037398279319737,0.09215584699615018,0.5962601720680263,1.5,3,0.5,0.0,0.5
596,3,3,1,3,0,1,1,3.0,0.5962601720680263,0.9078441530038498,0.4037398279319737,1.5,3,0.3333333333333333,1.0,0.3333333333333333
597,3,3,1,3,0,1,0,0.0,0.5962601720680263,0.9078441530038498,0.5962601720680263,1.5,3,0.5,0.5,0.5
598,3,3,1,3,0,0,1,4.0,0.5962601720680263,0.09215584699615018,0.4037398279319737,1.5,3,0.5,0.0,0.5
599,3,3,1,3,0,0,0,0.0,0.5962601720680263,0.09215584699615018,0.5962601720680263,1.5,3,1.0,0.0,1.0
600,3,3,2,1,1,1,1,0.0,0.13891655748270526,0.8117782149644464,0.5716860792938006,1.5,3,1.0,0.5,0.5
601,3,3,2,1,1,1,0,1.0,0.13891655748270526,0.8117782149644464,0.4283139207061995,1.5,3,0.5,1.0,0.5
602,3,3,2,1,1,0,1,2.0,0.13891655748270526,0.1882217850355536,0.5716860792938006,1.5,3,0.5,0.5,1.0
603,3,3,2,1,1,0,0,3.0,0.13891655748270526,0.1882217850355536,0.4283139207061995,1.5,3,0.3333333333333333,0.3333333333333333,0.3333333333333333
604,3,3,2,1,0,1,1,3.0,0.8610834425172947,0.8117782149644464,0.5716860792938006,1.5,3,0.3333333333333333,0.3333333333333333,0.3333333333333333
605,3,3,2,1,0,1,0,0.0,0.8610834425172947,0.8117782149644464,0.4283139207061995,1.5,3,0.5,0.5,1.0
606,3,3,2,1,0,0,1,0.0,0.8610834425172947,0.1882217850355536,0.5716860792938006,1.5,3,0.5,1.0,0.5
607,3,3,2,1,0,0,0,0.0,0.8610834425172947,0.1882217850355536,0.4283139207061995,1.5,3,1.0,0.5,0.5
608,3,3,2,2,1,1,1,0.0,0.01979420921316744,0.9461256060061832,0.9461256060061832,1.5,3,0.0,0.5,0.5
609,3,3,2,2,1,1,0,2.0,0.01979420921316744,0.9461256060061832,0.053874393993816785,1.5,3,0.0,1.0,0.0
610,3,3,2,2,1,0,1,2.0,0.01979420921316744,0.053874393993816785,0.9461256060061832,1.5,3,0.0,0.0,1.0
611,3,3,2,2,1,0,0,4.0,0.01979420921316744,0.053874393993816785,0.053874393993816785,1.5,3,0.0,0.0,0.0
612,3,3,2,2,0,1,1,3.0,0.9802057907868326,0.9461256060061832,0.9461256060061832,1.5,3,0.3333333333333333,0.3333333333333333,0.3333333333333333
613,3,3,2,2,0,1,0,0.0,0.9802057907868326,0.9461256060061832,0.053874393993816785,1.5,3,0.5,0.5,0.0
614,3,3,2,2,0,0,1,0.0,0.9802057907868326,0.053874393993816785,0.9461256060061832,1.5,3,0.5,0.0,0.5
615,3,3,2,2,0,0,0,0.0,0.9802057907868326,0.053874393993816785,0.053874393993816785,1.5,3,1.0,0.0,0.0
616,3,3,2,3,1,1,1,0.0,0.20481765559810028,0.9869510407848362,0.20481765559810028,1.5,3,0.5,0.5,0.5
617,3,3,2,3,1,1,0,3.0,0.20481765559810028,0.9869510407848362,0.7951823444018997,1.5,3,0.3333333333333333,1.0,0.3333333333333333
618,3,3,2,3,1,0,1,2.0,0.20481765559810028,0.013048959215163794,0.20481765559810028,1.5,3,1.0,0.0,1.0
619,3,3,2,3,1,0,0,5.0,0.20481765559810028,0.013048959215163794,0.7951823444018997,1.5,3,0.5,0.0,0.5
620,3,3,2,3,0,1,1,3.0,0.7951823444018997,0.9869510407848362,0.20481765559810028,1.5,3,0.3333333333333333,1.0,0.3333333333333333
621,3,3,2,3,0,1,0,0.0,0.7951823444018997,0.9869510407848362,0.7951823444018997,1.5,3,0.5,0.5,0.5
622,3,3,2,3,0,0,1,5.0,0.7951823444018997,0.013048959215163794,0.20481765559810028,1.5,3,0.5,0.0,0.5
623,3,3,2,3,0,0,0,0.0,0.7951823444018997,0.013048959215163794,0.7951823444018997,1.5,3,1.0,0.0,1.0
624,3,3,3,1,1,1,1,0.0,0.4037398279319737,0.4037398279319737,0.90784415300385,1.5,3,0.5,0.5,0.5
625,3,3,3,1,1,1,0,1.0,0.4037398279319737,0.4037398279319737,0.09215584699615012,1.5,3,1.0,1.0,0.0
626,3,3,3,1,1,0,1,3.0,0.4037398279319737,0.5962601720680263,0.90784415300385,1.5,3,0.3333333333333333,0.3333333333333333,1.0
627,3,3,3,1,1,0,0,4.0,0.4037398279319737,0.5962601720680263,0.09215584699615012,1.5,3,0.5,0.5,0.0
628,3,3,3,1,0,1,1,3.0,0.5962601720680263,0.4037398279319737,0.90784415300385,1.5,3,0.3333333333333333,0.3333333333333333,1.0
629,3,3,3,1,0,1,0,4.0,0.5962601720680263,0.4037398279319737,0.09215584699615012,1.5,3,0.5,0.5,0.0
630,3,3,3,1,0,0,1,0.0,0.5962601720680263,0.5962601720680263,0.90784415300385,1.5,3,0.5,0.5,0.5
631,3,3,3,1,0,0,0,0.0,0.5962601720680263,0.5962601720680263,0.09215584699615012,1.5,3,1.0,1.0,0.0
632,3,3,3,2,1,1,1,0.0,0.2048176555981004,0.2048176555981004,0.9869510407848362,1.5,3,0.5,0.5,0.5
633,3,3,3,2,1,1,0,2.0,0.2048176555981004,0.2048176555981004,0.013048959215163785,1.5,3,1.0,1.0,0.0
634,3,3,3,2,1,0,1,3.0,0.2048176555981004,0.7951823444018996,0.9869510407848362,1.5,3,0.3333333333333333,0.3333333333333333,1.0
635,3,3,3,2,1,0,0,5.0,0.2048176555981004,0.7951823444018996,0.013048959215163785,1.5,3,0.5,0.5,0.0
636,3,3,3,2,0,1,1,3.0,0.7951823444018996,0.2048176555981004,0.9869510407848362,1.5,3,0.3333333333333333,0.3333333333333333,1.0
637,3,3,3,2,0,1,0,5.0,0.7951823444018996,0.2048176555981004,0.013048959215163785,1.5,3,0.5,0.5,0.0
638,3,3,3,2,0,0,1,0.0,0.7951823444018996,0.7951823444018996,0.9869510407848362,1.5,3,0.5,0.5,0.5
639,3,3,3,2,0,0,0,0.0,0.7951823444018996,0.7951823444018996,0.013048959215163785,1.5,3,1.0,1.0,0.0
640,3,3,3,3,1,1,1,0.0,0.7412831673229282,0.7412831673229282,0.7412831673229282,1.5,3,0.5,0.5,0.5
641,3,3,3,3,1,1,0,3.0,0.7412831673229282,0.7412831673229282,0.2587168326770718,1.5,3,1.0,1.0,0.3333333333333333
642,3,3,3,3,1,0,1,3.0,0.7412831673229282,0.2587168326770718,0.7412831673229282,1.5,3,1.0,0.3333333333333333,1.0
643,3,3,3,3,1,0,0,6.0,0.7412831673229282,0.2587168326770718,0.2587168326770718,1.5,3,0.5,0.5,0.5
644,3,3,3,3,0,1,1,3.0,0.2587168326770718,0.7412831673229282,0.7412831673229282,1.5,3,0.3333333333333333,1.0,1.0
645,3,3,3,3,0,1,0,6.0,0.2587168326770718,0.7412831673229282,0.2587168326770718,1.5,3,0.5,0.5,0.5
646,3,3,3,3,0,0,1,6.0,0.2587168326770718,0.2587168326770718,0.7412831673229282,1.5,3,0.5,0.5,0.5
647,3,3,3,3,0,0,0,0.0,0.2587168326770718,0.2587168326770718,0.2587168326770718,1.5,3,1.0,1.0,1.0
